dataset	target	method	mc	distance	records	tpa_bytes	idx_bytes
hprcv2-25k	GCA_000001405.15_GRCh38_no_alt_analysis_set.PanSN.merged	fastga	100	edit	29189129	5252963860	144489114
hprcv2-25k	HG00097_hap1_hprc_r2_v1.0.1.merged	fastga	100	edit	2685951	570272145	12150248
hprcv2-25k	HG00097_hap2_hprc_r2_v1.0.1.merged	fastga	100	edit	2805086	578673962	12721537
hprcv2-25k	HG00099_hap1_hprc_r2_v1.0.1.merged	fastga	100	edit	2034110	440763894	8923275
hprcv2-25k	HG00099_hap2_hprc_r2_v1.0.1.merged	fastga	100	edit	2384432	515279839	10669513
hprcv2-25k	HG00126_hap1_hprc_r2_v1.0.1.merged	fastga	100	edit	2486756	515283574	11135985
hprcv2-25k	HG00126_hap2_hprc_r2_v1.0.1.merged	fastga	100	edit	3299850	676301675	15199934
hprcv2-25k	HG00128_hap1_hprc_r2_v1.0.1.merged	fastga	100	edit	2418560	522448504	10854738
hprcv2-25k	HG00128_hap2_hprc_r2_v1.0.1.merged	fastga	100	edit	2539049	522559254	11396452
hprcv2-25k	HG00133_hap1_hprc_r2_v1.0.1.merged	fastga	100	edit	2421012	500239490	10801190
hprcv2-25k	HG00133_hap2_hprc_r2_v1.0.1.merged	fastga	100	edit	2929403	600143662	13311401
hprcv2-25k	HG00140_hap1_hprc_r2_v1.0.1.merged	fastga	100	edit	2704576	556663660	12242682
hprcv2-25k	HG00140_hap2_hprc_r2_v1.0.1.merged	fastga	100	edit	3206643	671599602	14787143
hprcv2-25k	HG00146_hap1_hprc_r2_v1.0.1.merged	fastga	100	edit	2847878	602870767	12989287
hprcv2-25k	HG00146_hap2_hprc_r2_v1.0.1.merged	fastga	100	edit	2645657	560496520	11963601
hprcv2-25k	HG00232_hap1_hprc_r2_v1.0.1.merged	fastga	100	edit	2468319	533043222	11104994
hprcv2-25k	HG00232_hap2_hprc_r2_v1.0.1.merged	fastga	100	edit	3308699	699237477	15295349
hprcv2-25k	HG00235_hap1_hprc_r2_v1.0.1.merged	fastga	100	edit	2832134	570026440	12858943
hprcv2-25k	HG00235_hap2_hprc_r2_v1.0.1.merged	fastga	100	edit	2042488	431679823	8926412
hprcv2-25k	HG00253_hap1_hprc_r2_v1.0.1.merged	fastga	100	edit	2924163	618186002	13363421
hprcv2-25k	HG00253_hap2_hprc_r2_v1.0.1.merged	fastga	100	edit	2449942	526324583	10991062
hprcv2-25k	HG00272_hap1_hprc_r2_v1.0.1.merged	fastga	100	edit	3642890	782950826	16972152
hprcv2-25k	HG00272_hap2_hprc_r2_v1.0.1.merged	fastga	100	edit	2707369	573146709	12281127
hprcv2-25k	HG00280_hap1_hprc_r2_v1.0.1.merged	fastga	100	edit	3021002	619532946	13812934
hprcv2-25k	HG00280_hap2_hprc_r2_v1.0.1.merged	fastga	100	edit	2333039	495302915	10398733
hprcv2-25k	HG00290_hap1_hprc_r2_v1.0.1.merged	fastga	100	edit	2166681	457399815	9558249
hprcv2-25k	HG00290_hap2_hprc_r2_v1.0.1.merged	fastga	100	edit	2504166	521163160	11204308
hprcv2-25k	HG00320_hap1_hprc_r2_v1.0.1.merged	fastga	100	edit	2669556	562894518	12091969
hprcv2-25k	HG00320_hap2_hprc_r2_v1.0.1.merged	fastga	100	edit	2760373	598733127	12579355
hprcv2-25k	HG00321_hap1_hprc_r2_v1.0.1.merged	fastga	100	edit	2422670	503594162	10823446
hprcv2-25k	HG00321_hap2_hprc_r2_v1.0.1.merged	fastga	100	edit	2706288	574018592	12281588
hprcv2-25k	HG00323_hap1_hprc_r2_v1.0.1.merged	fastga	100	edit	2553841	541444772	11526136
hprcv2-25k	HG00323_hap2_hprc_r2_v1.0.1.merged	fastga	100	edit	3175978	668616001	14640266
hprcv2-25k	HG00329_hap1_hprc_r2_v1.0.1.merged	fastga	100	edit	2854069	574120876	12925282
hprcv2-25k	HG00329_hap2_hprc_r2_v1.0.1.merged	fastga	100	edit	2690256	569013337	12181674
hprcv2-25k	HG00344_hap1_hprc_r2_v1.0.1.merged	fastga	100	edit	2724961	574612479	12355395
hprcv2-25k	HG00344_hap2_hprc_r2_v1.0.1.merged	fastga	100	edit	2832337	585341026	12862134
hprcv2-25k	HG00350_hap1_hprc_r2_v1.0.1.merged	fastga	100	edit	2632730	550713250	11886703
hprcv2-25k	HG00350_hap2_hprc_r2_v1.0.1.merged	fastga	100	edit	2982377	636514887	13661591
hprcv2-25k	HG00408_mat_hprc_r2_v1.0.1.merged	fastga	100	edit	2208731	464884283	9760931
hprcv2-25k	HG00408_pat_hprc_r2_v1.0.1.merged	fastga	100	edit	2697626	588858943	12254617
hprcv2-25k	HG00423_mat_hprc_r2_v1.0.1.merged	fastga	100	edit	2527263	556481213	11406766
hprcv2-25k	HG00423_pat_hprc_r2_v1.0.1.merged	fastga	100	edit	2779430	592681101	12628790
hprcv2-25k	HG00438_mat_hprc_r2_v1.0.1.merged	fastga	100	edit	2638607	545045326	11911458
hprcv2-25k	HG00438_pat_hprc_r2_v1.0.1.merged	fastga	100	edit	3039686	639334238	13926978
hprcv2-25k	HG00544_mat_hprc_r2_v1.0.1.merged	fastga	100	edit	2416252	516279672	10817862
hprcv2-25k	HG00544_pat_hprc_r2_v1.0.1.merged	fastga	100	edit	2900174	604972929	13230120
hprcv2-25k	HG00558_mat_hprc_r2_v1.0.1.merged	fastga	100	edit	2598643	564492466	11731468
hprcv2-25k	HG00558_pat_hprc_r2_v1.0.1.merged	fastga	100	edit	2798473	629698238	12791083
hprcv2-25k	HG00597_mat_hprc_r2_v1.0.1.merged	fastga	100	edit	3107142	673689095	14284410
hprcv2-25k	HG00597_pat_hprc_r2_v1.0.1.merged	fastga	100	edit	2449754	517433781	10955395
hprcv2-25k	HG005_mat_hprc_r2_v1.0.1.merged	fastga	100	edit	2694856	563664818	12196900
hprcv2-25k	HG005_pat_hprc_r2_v1.0.1.merged	fastga	100	edit	2805034	569560738	12718940
hprcv2-25k	HG00609_mat_hprc_r2_v1.0.1.merged	fastga	100	edit	3264483	702114002	15100091
hprcv2-25k	HG00609_pat_hprc_r2_v1.0.1.merged	fastga	100	edit	2931409	599696107	13347925
hprcv2-25k	HG00621_mat_hprc_r2_v1.0.1.merged	fastga	100	edit	2198318	481165554	9766596
hprcv2-25k	HG00621_pat_hprc_r2_v1.0.1.merged	fastga	100	edit	2462592	504026276	10989492
hprcv2-25k	HG00639_mat_hprc_r2_v1.0.1.merged	fastga	100	edit	3204810	679597548	14778596
hprcv2-25k	HG00639_pat_hprc_r2_v1.0.1.merged	fastga	100	edit	3037673	628915731	13905828
hprcv2-25k	HG00642_mat_hprc_r2_v1.0.1.merged	fastga	100	edit	2583862	533374825	11610418
hprcv2-25k	HG00642_pat_hprc_r2_v1.0.1.merged	fastga	100	edit	3189271	619367787	14592422
hprcv2-25k	HG00658_mat_hprc_r2_v1.0.1.merged	fastga	100	edit	2798017	599451221	12730976
hprcv2-25k	HG00658_pat_hprc_r2_v1.0.1.merged	fastga	100	edit	2999383	603132448	13667242
hprcv2-25k	HG00673_mat_hprc_r2_v1.0.1.merged	fastga	100	edit	2585341	551562810	11653652
hprcv2-25k	HG00673_pat_hprc_r2_v1.0.1.merged	fastga	100	edit	2621823	536951097	11807290
hprcv2-25k	HG00706_mat_hprc_r2_v1.0.1.merged	fastga	100	edit	2381676	521722267	10671920
hprcv2-25k	HG00706_pat_hprc_r2_v1.0.1.merged	fastga	100	edit	2711000	530366337	12156358
hprcv2-25k	HG00733_mat_hprc_r2_v1.0.1.merged	fastga	100	edit	3466455	744287999	16091453
hprcv2-25k	HG00733_pat_hprc_r2_v1.0.1.merged	fastga	100	edit	3162866	659071417	14545720
hprcv2-25k	HG00735_mat_hprc_r2_v1.0.1.merged	fastga	100	edit	2532741	541881577	11432922
hprcv2-25k	HG00735_pat_hprc_r2_v1.0.1.merged	fastga	100	edit	2544469	522538310	11454702
hprcv2-25k	HG00738_mat_hprc_r2_v1.0.1.merged	fastga	100	edit	2755440	574796382	12528056
hprcv2-25k	HG00738_pat_hprc_r2_v1.0.1.merged	fastga	100	edit	3026896	627829864	13852802
hprcv2-25k	HG00741_mat_hprc_r2_v1.0.1.merged	fastga	100	edit	2635881	561600994	11921587
hprcv2-25k	HG00741_pat_hprc_r2_v1.0.1.merged	fastga	100	edit	2205792	465443294	9752257
hprcv2-25k	HG01071_mat_hprc_r2_v1.0.1.merged	fastga	100	edit	2457157	507986773	10987262
hprcv2-25k	HG01071_pat_hprc_r2_v1.0.1.merged	fastga	100	edit	2562622	539728354	11555655
hprcv2-25k	HG01074_mat_hprc_r2_v1.0.1.merged	fastga	100	edit	3128829	674062750	14395056
hprcv2-25k	HG01074_pat_hprc_r2_v1.0.1.merged	fastga	100	edit	2503286	522675371	11244586
hprcv2-25k	HG01081_mat_hprc_r2_v1.0.1.merged	fastga	100	edit	2377547	497873839	10583381
hprcv2-25k	HG01081_pat_hprc_r2_v1.0.1.merged	fastga	100	edit	2634982	569576032	11919944
hprcv2-25k	HG01099_mat_hprc_r2_v1.0.1.merged	fastga	100	edit	3025179	628099562	13857011
hprcv2-25k	HG01099_pat_hprc_r2_v1.0.1.merged	fastga	100	edit	3331048	676535677	15385217
hprcv2-25k	HG01106_mat_hprc_r2_v1.0.1.merged	fastga	100	edit	2695684	581008008	12241117
hprcv2-25k	HG01106_pat_hprc_r2_v1.0.1.merged	fastga	100	edit	2664990	531633725	11975430
hprcv2-25k	HG01109_mat_hprc_r2_v1.0.1.merged	fastga	100	edit	2706718	544155442	12192395
hprcv2-25k	HG01109_pat_hprc_r2_v1.0.1.merged	fastga	100	edit	2184146	428596736	9542370
hprcv2-25k	HG01123_mat_hprc_r2_v1.0.1.merged	fastga	100	edit	2318492	494928107	10351564
hprcv2-25k	HG01123_pat_hprc_r2_v1.0.1.merged	fastga	100	edit	2767980	593712386	12601767
hprcv2-25k	HG01150_mat_hprc_r2_v1.0.1.merged	fastga	100	edit	3216552	671421666	14821320
hprcv2-25k	HG01150_pat_hprc_r2_v1.0.1.merged	fastga	100	edit	2369523	497520970	10539006
hprcv2-25k	HG01167_hap1_hprc_r2_v1.0.1.merged	fastga	100	edit	3458616	700655976	15973710
hprcv2-25k	HG01167_hap2_hprc_r2_v1.0.1.merged	fastga	100	edit	2298270	470398094	10177536
hprcv2-25k	HG01175_mat_hprc_r2_v1.0.1.merged	fastga	100	edit	2519860	535484479	11334323
hprcv2-25k	HG01175_pat_hprc_r2_v1.0.1.merged	fastga	100	edit	2911468	624169458	13307574
hprcv2-25k	HG01192_mat_hprc_r2_v1.0.1.merged	fastga	100	edit	2919143	624237485	13357721
hprcv2-25k	HG01192_pat_hprc_r2_v1.0.1.merged	fastga	100	edit	2489654	490574306	11081296
hprcv2-25k	HG01243_mat_hprc_r2_v1.0.1.merged	fastga	100	edit	2867105	603952758	13069961
hprcv2-25k	HG01243_pat_hprc_r2_v1.0.1.merged	fastga	100	edit	3369227	666781486	15472854
hprcv2-25k	HG01252_mat_hprc_r2_v1.0.1.merged	fastga	100	edit	2202993	473098839	9749402
hprcv2-25k	HG01252_pat_hprc_r2_v1.0.1.merged	fastga	100	edit	2592231	527326458	11616301
hprcv2-25k	HG01255_mat_hprc_r2_v1.0.1.merged	fastga	100	edit	2350060	505413380	10509122
hprcv2-25k	HG01255_pat_hprc_r2_v1.0.1.merged	fastga	100	edit	2737796	558454117	12362698
hprcv2-25k	HG01258_mat_hprc_r2_v1.0.1.merged	fastga	100	edit	2482057	528223292	11154959
hprcv2-25k	HG01258_pat_hprc_r2_v1.0.1.merged	fastga	100	edit	2503222	507717711	11198551
hprcv2-25k	HG01261_mat_hprc_r2_v1.0.1.merged	fastga	100	edit	2443649	527379561	10960762
hprcv2-25k	HG01261_pat_hprc_r2_v1.0.1.merged	fastga	100	edit	1821825	369538611	7758096
hprcv2-25k	HG01346_mat_hprc_r2_v1.0.1.merged	fastga	100	edit	2901382	624662895	13288791
hprcv2-25k	HG01346_pat_hprc_r2_v1.0.1.merged	fastga	100	edit	1944458	400869304	8415657
hprcv2-25k	HG01358_mat_hprc_r2_v1.0.1.merged	fastga	100	edit	3250047	690771051	15034400
hprcv2-25k	HG01358_pat_hprc_r2_v1.0.1.merged	fastga	100	edit	2706576	565048004	12260111
hprcv2-25k	HG01361_mat_hprc_r2_v1.0.1.merged	fastga	100	edit	2815729	594527292	12803868
hprcv2-25k	HG01361_pat_hprc_r2_v1.0.1.merged	fastga	100	edit	2677457	562973910	12113539
hprcv2-25k	HG01433_mat_hprc_r2_v1.0.1.merged	fastga	100	edit	2469261	544129171	11134234
hprcv2-25k	HG01433_pat_hprc_r2_v1.0.1.merged	fastga	100	edit	2472435	507147842	11070293
hprcv2-25k	HG01496_mat_hprc_r2_v1.0.1.merged	fastga	100	edit	2370257	507446393	10614269
hprcv2-25k	HG01496_pat_hprc_r2_v1.0.1.merged	fastga	100	edit	2530087	553584642	11435364
hprcv2-25k	HG01530_hap1_hprc_r2_v1.0.1.merged	fastga	100	edit	2543666	515633833	11405948
hprcv2-25k	HG01530_hap2_hprc_r2_v1.0.1.merged	fastga	100	edit	2805854	593938114	12771483
hprcv2-25k	HG01784_hap1_hprc_r2_v1.0.1.merged	fastga	100	edit	2947235	643842785	13498042
hprcv2-25k	HG01784_hap2_hprc_r2_v1.0.1.merged	fastga	100	edit	2469675	482239928	10979279
hprcv2-25k	HG01786_hap1_hprc_r2_v1.0.1.merged	fastga	100	edit	2606669	543523071	11757188
hprcv2-25k	HG01786_hap2_hprc_r2_v1.0.1.merged	fastga	100	edit	2797276	583700874	12714564
hprcv2-25k	HG01884_mat_hprc_r2_v1.0.1.merged	fastga	100	edit	2284836	459960186	10088405
hprcv2-25k	HG01884_pat_hprc_r2_v1.0.1.merged	fastga	100	edit	2313952	475662441	10239834
hprcv2-25k	HG01891_mat_hprc_r2_v1.0.1.merged	fastga	100	edit	2870699	570203903	13006840
hprcv2-25k	HG01891_pat_hprc_r2_v1.0.1.merged	fastga	100	edit	2667583	533302421	11971899
hprcv2-25k	HG01928_mat_hprc_r2_v1.0.1.merged	fastga	100	edit	2783055	584514101	12636269
hprcv2-25k	HG01928_pat_hprc_r2_v1.0.1.merged	fastga	100	edit	2635920	520683738	11816731
hprcv2-25k	HG01934_mat_hprc_r2_v1.0.1.merged	fastga	100	edit	2454878	512359175	11009932
hprcv2-25k	HG01934_pat_hprc_r2_v1.0.1.merged	fastga	100	edit	3746801	776255312	17469237
hprcv2-25k	HG01940_mat_hprc_r2_v1.0.1.merged	fastga	100	edit	2064219	431473397	9040640
hprcv2-25k	HG01940_pat_hprc_r2_v1.0.1.merged	fastga	100	edit	2726753	566617196	12365753
hprcv2-25k	HG01943_mat_hprc_r2_v1.0.1.merged	fastga	100	edit	2440483	526689272	10950578
hprcv2-25k	HG01943_pat_hprc_r2_v1.0.1.merged	fastga	100	edit	2127941	431215312	9294955
hprcv2-25k	HG01952_mat_hprc_r2_v1.0.1.merged	fastga	100	edit	2664463	560461701	12037423
hprcv2-25k	HG01952_pat_hprc_r2_v1.0.1.merged	fastga	100	edit	2495069	491653132	11105714
hprcv2-25k	HG01960_mat_hprc_r2_v1.0.1.merged	fastga	100	edit	3350607	668372976	15389195
hprcv2-25k	HG01960_pat_hprc_r2_v1.0.1.merged	fastga	100	edit	2815764	575843056	12757028
hprcv2-25k	HG01969_mat_hprc_r2_v1.0.1.merged	fastga	100	edit	2724927	571689766	12347922
hprcv2-25k	HG01969_pat_hprc_r2_v1.0.1.merged	fastga	100	edit	3166506	636230938	14513791
hprcv2-25k	HG01975_mat_hprc_r2_v1.0.1.merged	fastga	100	edit	2619481	567973341	11861588
hprcv2-25k	HG01975_pat_hprc_r2_v1.0.1.merged	fastga	100	edit	3681255	743948317	17080614
hprcv2-25k	HG01978_mat_hprc_r2_v1.1.0.merged	fastga	100	edit	3507600	751447323	16302465
hprcv2-25k	HG01978_pat_hprc_r2_v1.1.0.merged	fastga	100	edit	1981970	419600415	8619113
hprcv2-25k	HG01981_mat_hprc_r2_v1.0.1.merged	fastga	100	edit	2749646	567649600	12454544
hprcv2-25k	HG01981_pat_hprc_r2_v1.0.1.merged	fastga	100	edit	2487085	545580226	11213153
hprcv2-25k	HG01993_mat_hprc_r2_v1.0.1.merged	fastga	100	edit	2784431	590450222	12683244
hprcv2-25k	HG01993_pat_hprc_r2_v1.0.1.merged	fastga	100	edit	2320472	511376501	10393544
hprcv2-25k	HG02004_mat_hprc_r2_v1.0.1.merged	fastga	100	edit	2915704	629599796	13359010
hprcv2-25k	HG02004_pat_hprc_r2_v1.0.1.merged	fastga	100	edit	3003591	644147192	13786254
hprcv2-25k	HG02015_mat_hprc_r2_v1.0.1.merged	fastga	100	edit	2312935	494039644	10307636
hprcv2-25k	HG02015_pat_hprc_r2_v1.0.1.merged	fastga	100	edit	2528695	523544954	11354170
hprcv2-25k	HG02027_mat_hprc_r2_v1.0.1.merged	fastga	100	edit	2878240	620410389	13168418
hprcv2-25k	HG02027_pat_hprc_r2_v1.0.1.merged	fastga	100	edit	2453285	519741096	10990570
hprcv2-25k	HG02040_hap1_hprc_r2_v1.0.1.merged	fastga	100	edit	2339813	482443497	10348862
hprcv2-25k	HG02040_hap2_hprc_r2_v1.0.1.merged	fastga	100	edit	3088134	640462149	14173193
hprcv2-25k	HG02055_mat_hprc_r2_v1.0.1.merged	fastga	100	edit	2482436	501687418	11064312
hprcv2-25k	HG02055_pat_hprc_r2_v1.0.1.merged	fastga	100	edit	2942184	590513552	13364270
hprcv2-25k	HG02056_mat_hprc_r2_v1.0.1.merged	fastga	100	edit	3063225	640895863	14040550
hprcv2-25k	HG02056_pat_hprc_r2_v1.0.1.merged	fastga	100	edit	2828324	578565676	12842490
hprcv2-25k	HG02071_mat_hprc_r2_v1.0.1.merged	fastga	100	edit	3153829	662063608	14526193
hprcv2-25k	HG02071_pat_hprc_r2_v1.0.1.merged	fastga	100	edit	2175512	436620235	9526041
hprcv2-25k	HG02074_mat_hprc_r2_v1.0.1.merged	fastga	100	edit	2778681	564092287	12595265
hprcv2-25k	HG02074_pat_hprc_r2_v1.0.1.merged	fastga	100	edit	3039749	617294215	13909858
hprcv2-25k	HG02080_mat_hprc_r2_v1.0.1.merged	fastga	100	edit	2557342	548652889	11563583
hprcv2-25k	HG02080_pat_hprc_r2_v1.0.1.merged	fastga	100	edit	2911040	613400431	13296500
hprcv2-25k	HG02083_mat_hprc_r2_v1.0.1.merged	fastga	100	edit	2439586	518683355	10932634
hprcv2-25k	HG02083_pat_hprc_r2_v1.0.1.merged	fastga	100	edit	2655143	544991706	11984648
hprcv2-25k	HG02109_mat_hprc_r2_v1.0.1.merged	fastga	100	edit	3609857	730144173	16729949
hprcv2-25k	HG02109_pat_hprc_r2_v1.0.1.merged	fastga	100	edit	3272952	657695213	15001297
hprcv2-25k	HG02129_mat_hprc_r2_v1.0.1.merged	fastga	100	edit	3176331	661115066	14593527
hprcv2-25k	HG02129_pat_hprc_r2_v1.0.1.merged	fastga	100	edit	2928206	608267524	13363361
hprcv2-25k	HG02132_mat_hprc_r2_v1.0.1.merged	fastga	100	edit	2100356	451364380	9235071
hprcv2-25k	HG02132_pat_hprc_r2_v1.0.1.merged	fastga	100	edit	3073139	623010550	14046945
hprcv2-25k	HG02135_mat_hprc_r2_v1.0.1.merged	fastga	100	edit	2792966	600022149	12724807
hprcv2-25k	HG02135_pat_hprc_r2_v1.0.1.merged	fastga	100	edit	2857475	593663230	12995747
hprcv2-25k	HG02145_mat_hprc_r2_v1.0.1.merged	fastga	100	edit	3122289	634456344	14292439
hprcv2-25k	HG02145_pat_hprc_r2_v1.0.1.merged	fastga	100	edit	2380311	474781682	10550818
hprcv2-25k	HG02148_mat_hprc_r2_v1.0.1.merged	fastga	100	edit	2386977	513156846	10679256
hprcv2-25k	HG02148_pat_hprc_r2_v1.0.1.merged	fastga	100	edit	2860991	621302755	13080449
hprcv2-25k	HG02155_hap1_hprc_r2_v1.0.1.merged	fastga	100	edit	2557234	540952614	11522213
hprcv2-25k	HG02155_hap2_hprc_r2_v1.0.1.merged	fastga	100	edit	2372684	505486171	10604181
hprcv2-25k	HG02165_hap1_hprc_r2_v1.0.1.merged	fastga	100	edit	2701808	596759779	12308558
hprcv2-25k	HG02165_hap2_hprc_r2_v1.0.1.merged	fastga	100	edit	2886047	629741607	13228007
hprcv2-25k	HG02178_hap1_hprc_r2_v1.0.1.merged	fastga	100	edit	3207446	658420756	14743749
hprcv2-25k	HG02178_hap2_hprc_r2_v1.0.1.merged	fastga	100	edit	2496900	539050332	11248755
hprcv2-25k	HG02257_mat_hprc_r2_v1.1.0.merged	fastga	100	edit	1887720	386694951	8104031
hprcv2-25k	HG02257_pat_hprc_r2_v1.1.0.merged	fastga	100	edit	2789210	548255475	12561019
hprcv2-25k	HG02258_mat_hprc_r2_v1.0.1.merged	fastga	100	edit	2437817	499561136	10865567
hprcv2-25k	HG02258_pat_hprc_r2_v1.0.1.merged	fastga	100	edit	2936066	592456723	13345704
hprcv2-25k	HG02273_hap1_hprc_r2_v1.0.1.merged	fastga	100	edit	3014164	640583393	13833809
hprcv2-25k	HG02273_hap2_hprc_r2_v1.0.1.merged	fastga	100	edit	1980791	438684828	8702161
hprcv2-25k	HG02280_mat_hprc_r2_v1.0.1.merged	fastga	100	edit	2903233	597886452	13217464
hprcv2-25k	HG02280_pat_hprc_r2_v1.0.1.merged	fastga	100	edit	3621330	718304881	16730218
hprcv2-25k	HG02293_mat_hprc_r2_v1.0.1.merged	fastga	100	edit	1919277	417531412	8360170
hprcv2-25k	HG02293_pat_hprc_r2_v1.0.1.merged	fastga	100	edit	1877580	423137943	8180428
hprcv2-25k	HG02300_mat_hprc_r2_v1.0.1.merged	fastga	100	edit	3109019	677278775	14320983
hprcv2-25k	HG02300_pat_hprc_r2_v1.0.1.merged	fastga	100	edit	2798055	586989336	12688767
hprcv2-25k	HG02391_hap1_hprc_r2_v1.0.1.merged	fastga	100	edit	2133398	455188153	9400435
hprcv2-25k	HG02391_hap2_hprc_r2_v1.0.1.merged	fastga	100	edit	2142684	470160430	9498457
hprcv2-25k	HG02392_hap1_hprc_r2_v1.0.1.merged	fastga	100	edit	2445934	504579913	10935555
hprcv2-25k	HG02392_hap2_hprc_r2_v1.0.1.merged	fastga	100	edit	2367531	506790703	10561185
hprcv2-25k	HG02451_mat_hprc_r2_v1.0.1.merged	fastga	100	edit	2501619	492530623	11126957
hprcv2-25k	HG02451_pat_hprc_r2_v1.0.1.merged	fastga	100	edit	3120576	623520985	14254525
hprcv2-25k	HG02486_mat_hprc_r2_v1.0.1.merged	fastga	100	edit	2751309	572910254	12462950
hprcv2-25k	HG02486_pat_hprc_r2_v1.0.1.merged	fastga	100	edit	2411768	466653786	10652666
hprcv2-25k	HG02514_mat_hprc_r2_v1.0.1.merged	fastga	100	edit	2584727	549845123	11653705
hprcv2-25k	HG02514_pat_hprc_r2_v1.0.1.merged	fastga	100	edit	3495607	700043903	16162388
hprcv2-25k	HG02523_mat_hprc_r2_v1.0.1.merged	fastga	100	edit	2764952	600017304	12584895
hprcv2-25k	HG02523_pat_hprc_r2_v1.0.1.merged	fastga	100	edit	2540032	538010726	11439996
hprcv2-25k	HG02559_mat_hprc_r2_v1.0.1.merged	fastga	100	edit	2721459	561830816	12297269
hprcv2-25k	HG02559_pat_hprc_r2_v1.0.1.merged	fastga	100	edit	2966190	601985333	13483684
hprcv2-25k	HG02572_mat_hprc_r2_v1.0.1.merged	fastga	100	edit	3136931	632679797	14343634
hprcv2-25k	HG02572_pat_hprc_r2_v1.0.1.merged	fastga	100	edit	2800699	544929560	12617428
hprcv2-25k	HG02583_hap1_hprc_r2_v1.0.1.merged	fastga	100	edit	3224337	653991528	14797186
hprcv2-25k	HG02583_hap2_hprc_r2_v1.0.1.merged	fastga	100	edit	2832063	560929197	12785726
hprcv2-25k	HG02602_mat_hprc_r2_v1.0.1.merged	fastga	100	edit	2978344	610617022	13595236
hprcv2-25k	HG02602_pat_hprc_r2_v1.0.1.merged	fastga	100	edit	2400299	500774595	10738918
hprcv2-25k	HG02615_mat_hprc_r2_v1.0.1.merged	fastga	100	edit	2940506	592094992	13352754
hprcv2-25k	HG02615_pat_hprc_r2_v1.0.1.merged	fastga	100	edit	3298424	665821761	15142248
hprcv2-25k	HG02622_mat_hprc_r2_v1.0.1.merged	fastga	100	edit	3189237	629050518	14577670
hprcv2-25k	HG02622_pat_hprc_r2_v1.0.1.merged	fastga	100	edit	2193027	453667694	9649512
hprcv2-25k	HG02630_mat_hprc_r2_v1.0.1.merged	fastga	100	edit	2791866	567943155	12634933
hprcv2-25k	HG02630_pat_hprc_r2_v1.0.1.merged	fastga	100	edit	2716597	555739707	12264930
hprcv2-25k	HG02647_mat_hprc_r2_v1.0.1.merged	fastga	100	edit	3409646	681844006	15694050
hprcv2-25k	HG02647_pat_hprc_r2_v1.0.1.merged	fastga	100	edit	2966113	559686164	13391321
hprcv2-25k	HG02668_mat_hprc_r2_v1.0.1.merged	fastga	100	edit	2926773	582200844	13262633
hprcv2-25k	HG02668_pat_hprc_r2_v1.0.1.merged	fastga	100	edit	3248098	640030292	14881584
hprcv2-25k	HG02698_mat_hprc_r2_v1.0.1.merged	fastga	100	edit	2896803	621823972	13274241
hprcv2-25k	HG02698_pat_hprc_r2_v1.0.1.merged	fastga	100	edit	3055355	622503214	13982871
hprcv2-25k	HG02717_mat_hprc_r2_v1.0.1.merged	fastga	100	edit	2243349	465183384	9902357
hprcv2-25k	HG02717_pat_hprc_r2_v1.0.1.merged	fastga	100	edit	2681894	537921156	12053405
hprcv2-25k	HG02723_mat_hprc_r2_v1.0.1.merged	fastga	100	edit	2375772	479652451	10531676
hprcv2-25k	HG02723_pat_hprc_r2_v1.0.1.merged	fastga	100	edit	2897818	573167226	13132164
hprcv2-25k	HG02735_mat_hprc_r2_v1.0.1.merged	fastga	100	edit	2379623	498976861	10598520
hprcv2-25k	HG02735_pat_hprc_r2_v1.0.1.merged	fastga	100	edit	2520078	514579614	11256794
hprcv2-25k	HG02738_mat_hprc_r2_v1.0.1.merged	fastga	100	edit	2960388	626359089	13557287
hprcv2-25k	HG02738_pat_hprc_r2_v1.0.1.merged	fastga	100	edit	2702579	554415763	12223537
hprcv2-25k	HG02809_mat_hprc_r2_v1.0.1.merged	fastga	100	edit	2611067	533934477	11732212
hprcv2-25k	HG02809_pat_hprc_r2_v1.0.1.merged	fastga	100	edit	3362279	687803565	15491539
hprcv2-25k	HG02818_mat_hprc_r2_v1.0.1.merged	fastga	100	edit	2546842	520008916	11408011
hprcv2-25k	HG02818_pat_hprc_r2_v1.0.1.merged	fastga	100	edit	2434145	484360596	10811253
hprcv2-25k	HG02841_mat_hprc_r2_v1.0.1.merged	fastga	100	edit	2793730	551237179	12584433
hprcv2-25k	HG02841_pat_hprc_r2_v1.0.1.merged	fastga	100	edit	3254668	675519604	14942225
hprcv2-25k	HG02886_mat_hprc_r2_v1.0.1.merged	fastga	100	edit	3201416	637481664	14637026
hprcv2-25k	HG02886_pat_hprc_r2_v1.0.1.merged	fastga	100	edit	3227110	646739538	14789329
hprcv2-25k	HG02922_hap1_hprc_r2_v1.0.1.merged	fastga	100	edit	2693466	553052134	12150055
hprcv2-25k	HG02922_hap2_hprc_r2_v1.0.1.merged	fastga	100	edit	3003348	603463288	13666466
hprcv2-25k	HG02965_hap1_hprc_r2_v1.0.1.merged	fastga	100	edit	3079549	599365240	14009806
hprcv2-25k	HG02965_hap2_hprc_r2_v1.0.1.merged	fastga	100	edit	3288195	649191086	15061886
hprcv2-25k	HG02976_hap1_hprc_r2_v1.0.1.merged	fastga	100	edit	3573917	725865672	16524643
hprcv2-25k	HG02976_hap2_hprc_r2_v1.0.1.merged	fastga	100	edit	2659217	550308907	11989873
hprcv2-25k	HG02984_mat_hprc_r2_v1.0.1.merged	fastga	100	edit	3217289	638203897	14728512
hprcv2-25k	HG02984_pat_hprc_r2_v1.0.1.merged	fastga	100	edit	2773188	534789731	12454714
hprcv2-25k	HG03017_mat_hprc_r2_v1.0.1.merged	fastga	100	edit	2487327	528220583	11176085
hprcv2-25k	HG03017_pat_hprc_r2_v1.0.1.merged	fastga	100	edit	2809704	585358729	12778149
hprcv2-25k	HG03041_mat_hprc_r2_v1.0.1.merged	fastga	100	edit	3200420	646264138	14656513
hprcv2-25k	HG03041_pat_hprc_r2_v1.0.1.merged	fastga	100	edit	2594494	531211022	11642691
hprcv2-25k	HG03050_mat_hprc_r2_v1.0.1.merged	fastga	100	edit	3003502	628299037	13722033
hprcv2-25k	HG03050_pat_hprc_r2_v1.0.1.merged	fastga	100	edit	3341051	643713914	15280809
hprcv2-25k	HG03098_mat_hprc_r2_v1.0.1.merged	fastga	100	edit	2771367	558324909	12521677
hprcv2-25k	HG03098_pat_hprc_r2_v1.0.1.merged	fastga	100	edit	3366800	664537840	15470780
hprcv2-25k	HG03130_hap1_hprc_r2_v1.0.1.merged	fastga	100	edit	2239530	436058840	9810410
hprcv2-25k	HG03130_hap2_hprc_r2_v1.0.1.merged	fastga	100	edit	2553015	514442079	11418324
hprcv2-25k	HG03139_hap1_hprc_r2_v1.0.1.merged	fastga	100	edit	2414531	460305634	10628565
hprcv2-25k	HG03139_hap2_hprc_r2_v1.0.1.merged	fastga	100	edit	3943508	796112907	18376491
hprcv2-25k	HG03195_hap1_hprc_r2_v1.0.1.merged	fastga	100	edit	2576670	522620883	11538085
hprcv2-25k	HG03195_hap2_hprc_r2_v1.0.1.merged	fastga	100	edit	2629273	533389396	11795238
hprcv2-25k	HG03209_hap1_hprc_r2_v1.0.1.merged	fastga	100	edit	3738796	722740696	17296010
hprcv2-25k	HG03209_hap2_hprc_r2_v1.0.1.merged	fastga	100	edit	2249715	449650764	9894991
hprcv2-25k	HG03225_hap1_hprc_r2_v1.0.1.merged	fastga	100	edit	2679348	515174045	11983697
hprcv2-25k	HG03225_hap2_hprc_r2_v1.0.1.merged	fastga	100	edit	3032625	614347357	13816777
hprcv2-25k	HG03239_mat_hprc_r2_v1.0.1.merged	fastga	100	edit	2755042	547847780	12444056
hprcv2-25k	HG03239_pat_hprc_r2_v1.0.1.merged	fastga	100	edit	2939358	617664364	13420941
hprcv2-25k	HG03270_hap1_hprc_r2_v1.0.1.merged	fastga	100	edit	3409419	725966535	15771570
hprcv2-25k	HG03270_hap2_hprc_r2_v1.0.1.merged	fastga	100	edit	2882366	598311584	13098153
hprcv2-25k	HG03369_hap1_hprc_r2_v1.0.1.merged	fastga	100	edit	3255142	672719103	14965710
hprcv2-25k	HG03369_hap2_hprc_r2_v1.0.1.merged	fastga	100	edit	2573675	479709443	11417586
hprcv2-25k	HG03453_mat_hprc_r2_v1.0.1.merged	fastga	100	edit	2474264	498920659	11037606
hprcv2-25k	HG03453_pat_hprc_r2_v1.0.1.merged	fastga	100	edit	2293661	450150350	10096114
hprcv2-25k	HG03470_hap1_hprc_r2_v1.0.1.merged	fastga	100	edit	3139093	635024142	14357278
hprcv2-25k	HG03470_hap2_hprc_r2_v1.0.1.merged	fastga	100	edit	3099943	623060005	14139571
hprcv2-25k	HG03471_hap1_hprc_r2_v1.0.1.merged	fastga	100	edit	1961428	388860321	8443073
hprcv2-25k	HG03471_hap2_hprc_r2_v1.0.1.merged	fastga	100	edit	2476562	499272543	11023939
hprcv2-25k	HG03486_mat_hprc_r2_v1.0.1.merged	fastga	100	edit	2732500	548024107	12318475
hprcv2-25k	HG03486_pat_hprc_r2_v1.0.1.merged	fastga	100	edit	2786501	577482167	12620316
hprcv2-25k	HG03516_mat_hprc_r2_v1.1.0.merged	fastga	100	edit	3395070	680000219	15627553
hprcv2-25k	HG03516_pat_hprc_r2_v1.1.0.merged	fastga	100	edit	2403877	488817889	10674998
hprcv2-25k	HG03521_hap1_hprc_r2_v1.0.1.merged	fastga	100	edit	2798333	544231149	12615624
hprcv2-25k	HG03521_hap2_hprc_r2_v1.0.1.merged	fastga	100	edit	2818091	587977164	12794641
hprcv2-25k	HG03540_mat_hprc_r2_v1.0.1.merged	fastga	100	edit	2643122	551930168	11921910
hprcv2-25k	HG03540_pat_hprc_r2_v1.0.1.merged	fastga	100	edit	2929842	607135067	13332851
hprcv2-25k	HG03579_mat_hprc_r2_v1.0.1.merged	fastga	100	edit	2320188	460022199	10229323
hprcv2-25k	HG03579_pat_hprc_r2_v1.0.1.merged	fastga	100	edit	2355366	449574545	10361915
hprcv2-25k	HG03583_hap1_hprc_r2_v1.0.1.merged	fastga	100	edit	2596613	516319879	11609063
hprcv2-25k	HG03583_hap2_hprc_r2_v1.0.1.merged	fastga	100	edit	2300127	459130888	10120562
hprcv2-25k	HG03654_mat_hprc_r2_v1.0.1.merged	fastga	100	edit	2467959	510683481	11044510
hprcv2-25k	HG03654_pat_hprc_r2_v1.0.1.merged	fastga	100	edit	2836729	554919641	12810626
hprcv2-25k	HG03669_mat_hprc_r2_v1.0.1.merged	fastga	100	edit	2971584	627918500	13593860
hprcv2-25k	HG03669_pat_hprc_r2_v1.0.1.merged	fastga	100	edit	3054180	646110452	14022728
hprcv2-25k	HG03688_mat_hprc_r2_v1.0.1.merged	fastga	100	edit	2816443	587041954	12797669
hprcv2-25k	HG03688_pat_hprc_r2_v1.0.1.merged	fastga	100	edit	2364102	477612294	10474789
hprcv2-25k	HG03704_mat_hprc_r2_v1.0.1.merged	fastga	100	edit	2950055	640978097	13541565
hprcv2-25k	HG03704_pat_hprc_r2_v1.0.1.merged	fastga	100	edit	3406350	715711277	15755458
hprcv2-25k	HG03710_mat_hprc_r2_v1.0.1.merged	fastga	100	edit	2791065	601507151	12717993
hprcv2-25k	HG03710_pat_hprc_r2_v1.0.1.merged	fastga	100	edit	3026973	599014824	13752667
hprcv2-25k	HG03742_hap1_hprc_r2_v1.0.1.merged	fastga	100	edit	2489288	507345261	11168622
hprcv2-25k	HG03742_hap2_hprc_r2_v1.0.1.merged	fastga	100	edit	2375848	513113776	10632977
hprcv2-25k	HG03784_hap1_hprc_r2_v1.0.1.merged	fastga	100	edit	2617834	561794372	11843161
hprcv2-25k	HG03784_hap2_hprc_r2_v1.0.1.merged	fastga	100	edit	2625003	546812960	11836541
hprcv2-25k	HG03804_mat_hprc_r2_v1.0.1.merged	fastga	100	edit	2713978	589068437	12333624
hprcv2-25k	HG03804_pat_hprc_r2_v1.0.1.merged	fastga	100	edit	2479970	520039853	11147232
hprcv2-25k	HG03816_mat_hprc_r2_v1.0.1.merged	fastga	100	edit	3101300	640393124	14242165
hprcv2-25k	HG03816_pat_hprc_r2_v1.0.1.merged	fastga	100	edit	3149260	686255326	14539197
hprcv2-25k	HG03831_mat_hprc_r2_v1.0.1.merged	fastga	100	edit	2235546	480938046	9934009
hprcv2-25k	HG03831_pat_hprc_r2_v1.0.1.merged	fastga	100	edit	2082868	451223210	9165071
hprcv2-25k	HG03834_mat_hprc_r2_v1.0.1.merged	fastga	100	edit	2589770	542554272	11684358
hprcv2-25k	HG03834_pat_hprc_r2_v1.0.1.merged	fastga	100	edit	2733946	583015270	12420417
hprcv2-25k	HG03874_hap1_hprc_r2_v1.0.1.merged	fastga	100	edit	2361395	506702398	10549126
hprcv2-25k	HG03874_hap2_hprc_r2_v1.0.1.merged	fastga	100	edit	2678359	572326098	12143559
hprcv2-25k	HG03927_mat_hprc_r2_v1.0.1.merged	fastga	100	edit	2349339	496238353	10475785
hprcv2-25k	HG03927_pat_hprc_r2_v1.0.1.merged	fastga	100	edit	3138569	670109461	14440395
hprcv2-25k	HG03942_mat_hprc_r2_v1.0.1.merged	fastga	100	edit	2579146	558358341	11673089
hprcv2-25k	HG03942_pat_hprc_r2_v1.0.1.merged	fastga	100	edit	2698734	547525126	12154242
hprcv2-25k	HG04115_mat_hprc_r2_v1.0.1.merged	fastga	100	edit	2615578	576829819	11871285
hprcv2-25k	HG04115_pat_hprc_r2_v1.0.1.merged	fastga	100	edit	2756823	568191021	12480355
hprcv2-25k	HG04157_mat_hprc_r2_v1.0.1.merged	fastga	100	edit	3036689	632234343	13921463
hprcv2-25k	HG04157_pat_hprc_r2_v1.0.1.merged	fastga	100	edit	2632622	545442897	11868364
hprcv2-25k	HG04160_mat_hprc_r2_v1.0.1.merged	fastga	100	edit	3119557	640910074	14290932
hprcv2-25k	HG04160_pat_hprc_r2_v1.0.1.merged	fastga	100	edit	2579063	526637189	11552431
hprcv2-25k	HG04184_mat_hprc_r2_v1.0.1.merged	fastga	100	edit	2767033	583958220	12558530
hprcv2-25k	HG04184_pat_hprc_r2_v1.0.1.merged	fastga	100	edit	2655705	568567979	12016009
hprcv2-25k	HG04187_mat_hprc_r2_v1.0.1.merged	fastga	100	edit	2645062	517786505	11860661
hprcv2-25k	HG04187_pat_hprc_r2_v1.0.1.merged	fastga	100	edit	2828764	559805718	12810655
hprcv2-25k	HG04199_mat_hprc_r2_v1.0.1.merged	fastga	100	edit	2303057	480120614	10207688
hprcv2-25k	HG04199_pat_hprc_r2_v1.0.1.merged	fastga	100	edit	2180305	436793241	9544351
hprcv2-25k	HG04204_mat_hprc_r2_v1.0.1.merged	fastga	100	edit	2620519	545501745	11808154
hprcv2-25k	HG04204_pat_hprc_r2_v1.0.1.merged	fastga	100	edit	3110631	640947997	14254700
hprcv2-25k	HG04228_mat_hprc_r2_v1.0.1.merged	fastga	100	edit	1914120	409054407	8297368
hprcv2-25k	HG04228_pat_hprc_r2_v1.0.1.merged	fastga	100	edit	2735291	542617984	12316479
hprcv2-25k	HG06807_mat_v1.0.genbank.merged	fastga	100	edit	2634801	516739728	11784096
hprcv2-25k	HG06807_pat_v1.0.genbank.merged	fastga	100	edit	2935706	596741072	13353360
hprcv2-25k	NA18505_hap1_hprc_r2_v1.0.1.merged	fastga	100	edit	2734340	572779156	12364511
hprcv2-25k	NA18505_hap2_hprc_r2_v1.0.1.merged	fastga	100	edit	3539244	740025615	16412404
hprcv2-25k	NA18508_hap1_hprc_r2_v1.0.1.merged	fastga	100	edit	2314519	459543294	10204359
hprcv2-25k	NA18508_hap2_hprc_r2_v1.0.1.merged	fastga	100	edit	3295821	649914347	15108971
hprcv2-25k	NA18522_hap1_hprc_r2_v1.0.1.merged	fastga	100	edit	2798618	545303291	12615048
hprcv2-25k	NA18522_hap2_hprc_r2_v1.0.1.merged	fastga	100	edit	2947550	582144678	13359306
hprcv2-25k	NA18565_hap1_hprc_r2_v1.0.1.merged	fastga	100	edit	2333049	478657411	10350703
hprcv2-25k	NA18565_hap2_hprc_r2_v1.0.1.merged	fastga	100	edit	2845497	606015019	12978701
hprcv2-25k	NA18570_hap1_hprc_r2_v1.0.1.merged	fastga	100	edit	2888757	622678364	13223762
hprcv2-25k	NA18570_hap2_hprc_r2_v1.0.1.merged	fastga	100	edit	2467085	537148524	11110798
hprcv2-25k	NA18608_hap1_hprc_r2_v1.0.1.merged	fastga	100	edit	2652125	545884897	11991825
hprcv2-25k	NA18608_hap2_hprc_r2_v1.0.1.merged	fastga	100	edit	2930108	593066868	13375554
hprcv2-25k	NA18620_hap1_hprc_r2_v1.0.1.merged	fastga	100	edit	2959861	601220991	13488878
hprcv2-25k	NA18620_hap2_hprc_r2_v1.0.1.merged	fastga	100	edit	2435995	491526028	10848409
hprcv2-25k	NA18747_hap1_hprc_r2_v1.0.1.merged	fastga	100	edit	2840763	586343293	12903021
hprcv2-25k	NA18747_hap2_hprc_r2_v1.0.1.merged	fastga	100	edit	2513413	545302277	11326256
hprcv2-25k	NA18879_hap1_hprc_r2_v1.0.1.merged	fastga	100	edit	2644547	521144145	11840706
hprcv2-25k	NA18879_hap2_hprc_r2_v1.0.1.merged	fastga	100	edit	2723839	546498704	12253346
hprcv2-25k	NA18906_mat_hprc_r2_v1.0.1.merged	fastga	100	edit	3155161	635827158	14425710
hprcv2-25k	NA18906_pat_hprc_r2_v1.0.1.merged	fastga	100	edit	3536488	670807256	16254741
hprcv2-25k	NA18940_hap1_hprc_r2_v1.0.1.merged	fastga	100	edit	2754066	552554801	12428027
hprcv2-25k	NA18940_hap2_hprc_r2_v1.0.1.merged	fastga	100	edit	2950190	608852590	13472307
hprcv2-25k	NA18943_hap1_hprc_r2_v1.0.1.merged	fastga	100	edit	2993181	626089232	13684934
hprcv2-25k	NA18943_hap2_hprc_r2_v1.0.1.merged	fastga	100	edit	2275769	483591465	10103247
hprcv2-25k	NA18944_hap1_hprc_r2_v1.0.1.merged	fastga	100	edit	2334449	497178583	10408583
hprcv2-25k	NA18944_hap2_hprc_r2_v1.0.1.merged	fastga	100	edit	3184267	672602231	14666555
hprcv2-25k	NA18945_hap1_hprc_r2_v1.0.1.merged	fastga	100	edit	2687157	540004714	12081871
hprcv2-25k	NA18945_hap2_hprc_r2_v1.0.1.merged	fastga	100	edit	2464730	534942723	11058874
hprcv2-25k	NA18948_hap1_hprc_r2_v1.0.1.merged	fastga	100	edit	2691855	541573304	12124293
hprcv2-25k	NA18948_hap2_hprc_r2_v1.0.1.merged	fastga	100	edit	2657303	579489965	12032557
hprcv2-25k	NA18952_hap1_hprc_r2_v1.0.1.merged	fastga	100	edit	2465483	490159890	10983602
hprcv2-25k	NA18952_hap2_hprc_r2_v1.0.1.merged	fastga	100	edit	2722229	564317977	12319213
hprcv2-25k	NA18959_hap1_hprc_r2_v1.0.1.merged	fastga	100	edit	2460898	503749823	10988248
hprcv2-25k	NA18959_hap2_hprc_r2_v1.0.1.merged	fastga	100	edit	2129914	461458308	9422089
hprcv2-25k	NA18960_hap1_hprc_r2_v1.0.1.merged	fastga	100	edit	2959577	631765636	13552389
hprcv2-25k	NA18960_hap2_hprc_r2_v1.0.1.merged	fastga	100	edit	2874051	603610787	13103794
hprcv2-25k	NA18967_hap1_hprc_r2_v1.0.1.merged	fastga	100	edit	2240642	477530129	9960427
hprcv2-25k	NA18967_hap2_hprc_r2_v1.0.1.merged	fastga	100	edit	2589377	540149609	11646401
hprcv2-25k	NA18970_hap1_hprc_r2_v1.0.1.merged	fastga	100	edit	1827195	384687643	7842953
hprcv2-25k	NA18970_hap2_hprc_r2_v1.0.1.merged	fastga	100	edit	2617855	558595699	11825286
hprcv2-25k	NA18971_hap1_hprc_r2_v1.0.1.merged	fastga	100	edit	2374960	491940884	10585040
hprcv2-25k	NA18971_hap2_hprc_r2_v1.0.1.merged	fastga	100	edit	2802741	601945251	12767754
hprcv2-25k	NA18974_hap1_hprc_r2_v1.0.1.merged	fastga	100	edit	2938525	632334858	13458485
hprcv2-25k	NA18974_hap2_hprc_r2_v1.0.1.merged	fastga	100	edit	3331461	726152300	15429466
hprcv2-25k	NA18976_hap1_hprc_r2_v1.0.1.merged	fastga	100	edit	2971717	594333789	13530175
hprcv2-25k	NA18976_hap2_hprc_r2_v1.0.1.merged	fastga	100	edit	2810630	617804728	12839682
hprcv2-25k	NA18982_hap1_hprc_r2_v1.0.1.merged	fastga	100	edit	3073902	638012142	14092745
hprcv2-25k	NA18982_hap2_hprc_r2_v1.0.1.merged	fastga	100	edit	2352520	496057779	10474567
hprcv2-25k	NA18983_hap1_hprc_r2_v1.0.1.merged	fastga	100	edit	2291805	471749201	10157899
hprcv2-25k	NA18983_hap2_hprc_r2_v1.0.1.merged	fastga	100	edit	2495254	553349138	11259230
hprcv2-25k	NA19036_hap1_hprc_r2_v1.0.1.merged	fastga	100	edit	3295247	661060592	15122257
hprcv2-25k	NA19036_hap2_hprc_r2_v1.0.1.merged	fastga	100	edit	3049608	602199665	13882132
hprcv2-25k	NA19043_hap1_hprc_r2_v1.0.1.merged	fastga	100	edit	2494109	487178984	11077788
hprcv2-25k	NA19043_hap2_hprc_r2_v1.0.1.merged	fastga	100	edit	2838433	572205325	12852726
hprcv2-25k	NA19087_hap1_hprc_r2_v1.0.1.merged	fastga	100	edit	2416651	524963652	10853081
hprcv2-25k	NA19087_hap2_hprc_r2_v1.0.1.merged	fastga	100	edit	2405917	507079246	10731081
hprcv2-25k	NA19159_hap1_hprc_r2_v1.0.1.merged	fastga	100	edit	2655714	552994063	11979367
hprcv2-25k	NA19159_hap2_hprc_r2_v1.0.1.merged	fastga	100	edit	2979331	579099660	13497395
hprcv2-25k	NA19185_hap1_hprc_r2_v1.0.1.merged	fastga	100	edit	2352289	469997847	10416651
hprcv2-25k	NA19185_hap2_hprc_r2_v1.0.1.merged	fastga	100	edit	2856950	589189336	12961881
hprcv2-25k	NA19240_mat_hprc_r2_v1.0.1.merged	fastga	100	edit	3099376	616861548	14149156
hprcv2-25k	NA19240_pat_hprc_r2_v1.0.1.merged	fastga	100	edit	3190742	645716881	14611945
hprcv2-25k	NA19338_hap1_hprc_r2_v1.0.1.merged	fastga	100	edit	3285335	702460181	15172954
hprcv2-25k	NA19338_hap2_hprc_r2_v1.0.1.merged	fastga	100	edit	2282996	466539139	10084273
hprcv2-25k	NA19391_hap1_hprc_r2_v1.0.1.merged	fastga	100	edit	3058564	612887491	13940776
hprcv2-25k	NA19391_hap2_hprc_r2_v1.0.1.merged	fastga	100	edit	2735064	558706683	12338140
hprcv2-25k	NA19443_hap1_hprc_r2_v1.0.1.merged	fastga	100	edit	2991320	570191855	13515833
hprcv2-25k	NA19443_hap2_hprc_r2_v1.0.1.merged	fastga	100	edit	2982646	567049654	13496092
hprcv2-25k	NA19468_hap1_hprc_r2_v1.0.1.merged	fastga	100	edit	2712892	537977356	12188959
hprcv2-25k	NA19468_hap2_hprc_r2_v1.0.1.merged	fastga	100	edit	2456268	490298154	10917265
hprcv2-25k	NA19682_hap1_hprc_r2_v1.0.1.merged	fastga	100	edit	2460947	497783829	10943748
hprcv2-25k	NA19682_hap2_hprc_r2_v1.0.1.merged	fastga	100	edit	2685681	560758685	12153167
hprcv2-25k	NA19700_hap1_hprc_r2_v1.0.1.merged	fastga	100	edit	3005508	594577930	13672500
hprcv2-25k	NA19700_hap2_hprc_r2_v1.0.1.merged	fastga	100	edit	3336044	640369350	15284954
hprcv2-25k	NA19776_hap1_hprc_r2_v1.0.1.merged	fastga	100	edit	2654084	586626690	12063051
hprcv2-25k	NA19776_hap2_hprc_r2_v1.0.1.merged	fastga	100	edit	3143486	660621530	14456284
hprcv2-25k	NA19835_hap1_hprc_r2_v1.0.1.merged	fastga	100	edit	2758521	546547341	12426036
hprcv2-25k	NA19835_hap2_hprc_r2_v1.0.1.merged	fastga	100	edit	2841893	567130655	12855353
hprcv2-25k	NA19909_hap1_hprc_r2_v1.0.1.merged	fastga	100	edit	2304544	474786078	10201910
hprcv2-25k	NA19909_hap2_hprc_r2_v1.0.1.merged	fastga	100	edit	2696692	552978720	12184473
hprcv2-25k	NA20129_mat_hprc_r2_v1.0.1.merged	fastga	100	edit	2809634	591384920	12764877
hprcv2-25k	NA20129_pat_hprc_r2_v1.0.1.merged	fastga	100	edit	3364468	678440701	15494999
hprcv2-25k	NA20282_hap1_hprc_r2_v1.0.1.merged	fastga	100	edit	2907695	604726831	13252528
hprcv2-25k	NA20282_hap2_hprc_r2_v1.0.1.merged	fastga	100	edit	2471178	507115605	11014948
hprcv2-25k	NA20346_hap1_hprc_r2_v1.0.1.merged	fastga	100	edit	2895226	563096546	13091485
hprcv2-25k	NA20346_hap2_hprc_r2_v1.0.1.merged	fastga	100	edit	2399988	514319145	10727597
hprcv2-25k	NA20503_hap1_hprc_r2_v1.0.1.merged	fastga	100	edit	2751174	584034555	12502795
hprcv2-25k	NA20503_hap2_hprc_r2_v1.0.1.merged	fastga	100	edit	2904893	599759550	13242990
hprcv2-25k	NA20752_hap1_hprc_r2_v1.0.1.merged	fastga	100	edit	2787424	552744782	12598143
hprcv2-25k	NA20752_hap2_hprc_r2_v1.0.1.merged	fastga	100	edit	3256182	682901906	15003682
hprcv2-25k	NA20762_hap1_hprc_r2_v1.0.1.merged	fastga	100	edit	2720186	542852098	12276738
hprcv2-25k	NA20762_hap2_hprc_r2_v1.0.1.merged	fastga	100	edit	2544865	541177772	11462059
hprcv2-25k	NA20799_hap1_hprc_r2_v1.0.1.merged	fastga	100	edit	2626706	535077599	11813780
hprcv2-25k	NA20799_hap2_hprc_r2_v1.0.1.merged	fastga	100	edit	2732391	564824173	12364546
hprcv2-25k	NA20805_hap1_hprc_r2_v1.0.1.merged	fastga	100	edit	2358580	482793240	10497745
hprcv2-25k	NA20805_hap2_hprc_r2_v1.0.1.merged	fastga	100	edit	3267644	693376473	15084858
hprcv2-25k	NA20806_hap1_hprc_r2_v1.0.1.merged	fastga	100	edit	3182810	612667554	14528863
hprcv2-25k	NA20806_hap2_hprc_r2_v1.0.1.merged	fastga	100	edit	2134880	461333795	9440823
hprcv2-25k	NA20809_hap1_hprc_r2_v1.0.1.merged	fastga	100	edit	2604979	528799920	11741785
hprcv2-25k	NA20809_hap2_hprc_r2_v1.0.1.merged	fastga	100	edit	2719873	531676475	12214385
hprcv2-25k	NA20827_hap1_hprc_r2_v1.0.1.merged	fastga	100	edit	2832061	570967256	12854528
hprcv2-25k	NA20827_hap2_hprc_r2_v1.0.1.merged	fastga	100	edit	2701221	551675478	12205387
hprcv2-25k	NA20850_hap1_hprc_r2_v1.0.1.merged	fastga	100	edit	2375195	475792509	10502129
hprcv2-25k	NA20850_hap2_hprc_r2_v1.0.1.merged	fastga	100	edit	2360728	500614559	10550988
hprcv2-25k	NA20870_hap1_hprc_r2_v1.0.1.merged	fastga	100	edit	2825267	594470571	12861446
hprcv2-25k	NA20870_hap2_hprc_r2_v1.0.1.merged	fastga	100	edit	2676098	563154894	12069238
hprcv2-25k	NA20905_hap1_hprc_r2_v1.0.1.merged	fastga	100	edit	2487561	513608517	11130185
hprcv2-25k	NA20905_hap2_hprc_r2_v1.0.1.merged	fastga	100	edit	3805896	766977177	17698484
hprcv2-25k	NA21093_hap1_hprc_r2_v1.0.1.merged	fastga	100	edit	3209249	654315910	14719851
hprcv2-25k	NA21093_hap2_hprc_r2_v1.0.1.merged	fastga	100	edit	2941687	598298577	13396901
hprcv2-25k	NA21102_hap1_hprc_r2_v1.0.1.merged	fastga	100	edit	2583589	549633909	11663998
hprcv2-25k	NA21102_hap2_hprc_r2_v1.0.1.merged	fastga	100	edit	2792309	593971371	12701042
hprcv2-25k	NA21106_hap1_hprc_r2_v1.0.1.merged	fastga	100	edit	3502003	728021380	16225555
hprcv2-25k	NA21106_hap2_hprc_r2_v1.0.1.merged	fastga	100	edit	3315444	676706027	15278607
hprcv2-25k	NA21110_hap1_hprc_r2_v1.0.1.merged	fastga	100	edit	3020546	613222620	13790841
hprcv2-25k	NA21110_hap2_hprc_r2_v1.0.1.merged	fastga	100	edit	2480484	536970077	11169626
hprcv2-25k	NA21144_hap1_hprc_r2_v1.0.1.merged	fastga	100	edit	2913047	622104222	13304268
hprcv2-25k	NA21144_hap2_hprc_r2_v1.0.1.merged	fastga	100	edit	3137774	660970806	14437893
hprcv2-25k	NA21309_mat_hprc_r2_v1.0.1.merged	fastga	100	edit	2466829	489588768	10967938
hprcv2-25k	NA21309_pat_hprc_r2_v1.0.1.merged	fastga	100	edit	3029572	610686488	13795549
hprcv2-25k	chm13v2.0_maskedY_rCRS.fa.PanSN.merged	fastga	100	edit	23669564	5036769903	117147442
hprcv2-25k	hg002v1.1.mat_MT.PanSN.merged	fastga	100	edit	2567573	548536595	11577999
hprcv2-25k	hg002v1.1.pat.PanSN.merged	fastga	100	edit	2430850	486523446	10827336
hprcv2-25k	GCA_000001405.15_GRCh38_no_alt_analysis_set.PanSN.merged	fastga-no-diff	100	edit	29189129	2892442723	143288623
hprcv2-25k	HG00097_hap1_hprc_r2_v1.0.1.merged	fastga-no-diff	100	edit	2685951	308771904	11053422
hprcv2-25k	HG00097_hap2_hprc_r2_v1.0.1.merged	fastga-no-diff	100	edit	2805086	313515016	11579490
hprcv2-25k	HG00099_hap1_hprc_r2_v1.0.1.merged	fastga-no-diff	100	edit	2034110	237805317	8119023
hprcv2-25k	HG00099_hap2_hprc_r2_v1.0.1.merged	fastga-no-diff	100	edit	2384432	278011958	9591240
hprcv2-25k	HG00126_hap1_hprc_r2_v1.0.1.merged	fastga-no-diff	100	edit	2486756	279763390	10015009
hprcv2-25k	HG00126_hap2_hprc_r2_v1.0.1.merged	fastga-no-diff	100	edit	3299850	366418519	14040432
hprcv2-25k	HG00128_hap1_hprc_r2_v1.0.1.merged	fastga-no-diff	100	edit	2418560	282557106	9768451
hprcv2-25k	HG00128_hap2_hprc_r2_v1.0.1.merged	fastga-no-diff	100	edit	2539049	283605855	10260818
hprcv2-25k	HG00133_hap1_hprc_r2_v1.0.1.merged	fastga-no-diff	100	edit	2421012	271153677	9689621
hprcv2-25k	HG00133_hap2_hprc_r2_v1.0.1.merged	fastga-no-diff	100	edit	2929403	325575697	12186850
hprcv2-25k	HG00140_hap1_hprc_r2_v1.0.1.merged	fastga-no-diff	100	edit	2704576	301929985	11099663
hprcv2-25k	HG00140_hap2_hprc_r2_v1.0.1.merged	fastga-no-diff	100	edit	3206643	363756699	13650806
hprcv2-25k	HG00146_hap1_hprc_r2_v1.0.1.merged	fastga-no-diff	100	edit	2847878	325043845	11866739
hprcv2-25k	HG00146_hap2_hprc_r2_v1.0.1.merged	fastga-no-diff	100	edit	2645657	303306000	10845985
hprcv2-25k	HG00232_hap1_hprc_r2_v1.0.1.merged	fastga-no-diff	100	edit	2468319	288091031	10014402
hprcv2-25k	HG00232_hap2_hprc_r2_v1.0.1.merged	fastga-no-diff	100	edit	3308699	377839758	14188228
hprcv2-25k	HG00235_hap1_hprc_r2_v1.0.1.merged	fastga-no-diff	100	edit	2832134	309656288	11683244
hprcv2-25k	HG00235_hap2_hprc_r2_v1.0.1.merged	fastga-no-diff	100	edit	2042488	233492764	8149255
hprcv2-25k	HG00253_hap1_hprc_r2_v1.0.1.merged	fastga-no-diff	100	edit	2924163	333865402	12254741
hprcv2-25k	HG00253_hap2_hprc_r2_v1.0.1.merged	fastga-no-diff	100	edit	2449942	284067005	9908397
hprcv2-25k	HG00272_hap1_hprc_r2_v1.0.1.merged	fastga-no-diff	100	edit	3642890	423102781	15893651
hprcv2-25k	HG00272_hap2_hprc_r2_v1.0.1.merged	fastga-no-diff	100	edit	2707369	310400207	11183225
hprcv2-25k	HG00280_hap1_hprc_r2_v1.0.1.merged	fastga-no-diff	100	edit	3021002	336284930	12676376
hprcv2-25k	HG00280_hap2_hprc_r2_v1.0.1.merged	fastga-no-diff	100	edit	2333039	267681914	9309221
hprcv2-25k	HG00290_hap1_hprc_r2_v1.0.1.merged	fastga-no-diff	100	edit	2166681	247704322	8644306
hprcv2-25k	HG00290_hap2_hprc_r2_v1.0.1.merged	fastga-no-diff	100	edit	2504166	282179694	10107665
hprcv2-25k	HG00320_hap1_hprc_r2_v1.0.1.merged	fastga-no-diff	100	edit	2669556	304628204	10965722
hprcv2-25k	HG00320_hap2_hprc_r2_v1.0.1.merged	fastga-no-diff	100	edit	2760373	323349112	11492228
hprcv2-25k	HG00321_hap1_hprc_r2_v1.0.1.merged	fastga-no-diff	100	edit	2422670	272981343	9707326
hprcv2-25k	HG00321_hap2_hprc_r2_v1.0.1.merged	fastga-no-diff	100	edit	2706288	310736241	11183670
hprcv2-25k	HG00323_hap1_hprc_r2_v1.0.1.merged	fastga-no-diff	100	edit	2553841	292910145	10410764
hprcv2-25k	HG00323_hap2_hprc_r2_v1.0.1.merged	fastga-no-diff	100	edit	3175978	361459772	13492063
hprcv2-25k	HG00329_hap1_hprc_r2_v1.0.1.merged	fastga-no-diff	100	edit	2854069	312170418	11782467
hprcv2-25k	HG00329_hap2_hprc_r2_v1.0.1.merged	fastga-no-diff	100	edit	2690256	307689218	11088846
hprcv2-25k	HG00344_hap1_hprc_r2_v1.0.1.merged	fastga-no-diff	100	edit	2724961	310505831	11240723
hprcv2-25k	HG00344_hap2_hprc_r2_v1.0.1.merged	fastga-no-diff	100	edit	2832337	317153963	11723266
hprcv2-25k	HG00350_hap1_hprc_r2_v1.0.1.merged	fastga-no-diff	100	edit	2632730	298278810	10760253
hprcv2-25k	HG00350_hap2_hprc_r2_v1.0.1.merged	fastga-no-diff	100	edit	2982377	343680795	12563042
hprcv2-25k	HG00408_mat_hprc_r2_v1.0.1.merged	fastga-no-diff	100	edit	2208731	251446355	8814832
hprcv2-25k	HG00408_pat_hprc_r2_v1.0.1.merged	fastga-no-diff	100	edit	2697626	317373472	11172970
hprcv2-25k	HG00423_mat_hprc_r2_v1.0.1.merged	fastga-no-diff	100	edit	2527263	300240933	10346040
hprcv2-25k	HG00423_pat_hprc_r2_v1.0.1.merged	fastga-no-diff	100	edit	2779430	320207212	11540082
hprcv2-25k	HG00438_mat_hprc_r2_v1.0.1.merged	fastga-no-diff	100	edit	2638607	295466085	10757361
hprcv2-25k	HG00438_pat_hprc_r2_v1.0.1.merged	fastga-no-diff	100	edit	3039686	346254419	12832623
hprcv2-25k	HG00544_mat_hprc_r2_v1.0.1.merged	fastga-no-diff	100	edit	2416252	278964993	9724746
hprcv2-25k	HG00544_pat_hprc_r2_v1.0.1.merged	fastga-no-diff	100	edit	2900174	327758497	12100492
hprcv2-25k	HG00558_mat_hprc_r2_v1.0.1.merged	fastga-no-diff	100	edit	2598643	304686258	10676140
hprcv2-25k	HG00558_pat_hprc_r2_v1.0.1.merged	fastga-no-diff	100	edit	2798473	338524705	11740735
hprcv2-25k	HG00597_mat_hprc_r2_v1.0.1.merged	fastga-no-diff	100	edit	3107142	363591843	13181409
hprcv2-25k	HG00597_pat_hprc_r2_v1.0.1.merged	fastga-no-diff	100	edit	2449754	279994659	9874197
hprcv2-25k	HG005_mat_hprc_r2_v1.0.1.merged	fastga-no-diff	100	edit	2694856	304759117	11077675
hprcv2-25k	HG005_pat_hprc_r2_v1.0.1.merged	fastga-no-diff	100	edit	2805034	309642690	11575412
hprcv2-25k	HG00609_mat_hprc_r2_v1.0.1.merged	fastga-no-diff	100	edit	3264483	379107483	13991573
hprcv2-25k	HG00609_pat_hprc_r2_v1.0.1.merged	fastga-no-diff	100	edit	2931409	325755688	12219518
hprcv2-25k	HG00621_mat_hprc_r2_v1.0.1.merged	fastga-no-diff	100	edit	2198318	259750120	8771930
hprcv2-25k	HG00621_pat_hprc_r2_v1.0.1.merged	fastga-no-diff	100	edit	2462592	273732218	9866861
hprcv2-25k	HG00639_mat_hprc_r2_v1.0.1.merged	fastga-no-diff	100	edit	3204810	366855549	13666943
hprcv2-25k	HG00639_pat_hprc_r2_v1.0.1.merged	fastga-no-diff	100	edit	3037673	340878028	12773092
hprcv2-25k	HG00642_mat_hprc_r2_v1.0.1.merged	fastga-no-diff	100	edit	2583862	289523779	10495147
hprcv2-25k	HG00642_pat_hprc_r2_v1.0.1.merged	fastga-no-diff	100	edit	3189271	339184661	13409610
hprcv2-25k	HG00658_mat_hprc_r2_v1.0.1.merged	fastga-no-diff	100	edit	2798017	324049741	11650425
hprcv2-25k	HG00658_pat_hprc_r2_v1.0.1.merged	fastga-no-diff	100	edit	2999383	328212948	12509108
hprcv2-25k	HG00673_mat_hprc_r2_v1.0.1.merged	fastga-no-diff	100	edit	2585341	297868780	10574396
hprcv2-25k	HG00673_pat_hprc_r2_v1.0.1.merged	fastga-no-diff	100	edit	2621823	291122062	10667832
hprcv2-25k	HG00706_mat_hprc_r2_v1.0.1.merged	fastga-no-diff	100	edit	2381676	281431507	9619613
hprcv2-25k	HG00706_pat_hprc_r2_v1.0.1.merged	fastga-no-diff	100	edit	2711000	289965701	11009434
hprcv2-25k	HG00733_mat_hprc_r2_v1.0.1.merged	fastga-no-diff	100	edit	3466455	401493810	15007265
hprcv2-25k	HG00733_pat_hprc_r2_v1.0.1.merged	fastga-no-diff	100	edit	3162866	356746676	13418201
hprcv2-25k	HG00735_mat_hprc_r2_v1.0.1.merged	fastga-no-diff	100	edit	2532741	293101269	10328713
hprcv2-25k	HG00735_pat_hprc_r2_v1.0.1.merged	fastga-no-diff	100	edit	2544469	283508364	10296875
hprcv2-25k	HG00738_mat_hprc_r2_v1.0.1.merged	fastga-no-diff	100	edit	2755440	311366261	11398121
hprcv2-25k	HG00738_pat_hprc_r2_v1.0.1.merged	fastga-no-diff	100	edit	3026896	340781268	12729715
hprcv2-25k	HG00741_mat_hprc_r2_v1.0.1.merged	fastga-no-diff	100	edit	2635881	303363371	10810684
hprcv2-25k	HG00741_pat_hprc_r2_v1.0.1.merged	fastga-no-diff	100	edit	2205792	251659035	8805496
hprcv2-25k	HG01071_mat_hprc_r2_v1.0.1.merged	fastga-no-diff	100	edit	2457157	275642088	9873003
hprcv2-25k	HG01071_pat_hprc_r2_v1.0.1.merged	fastga-no-diff	100	edit	2562622	291909815	10427126
hprcv2-25k	HG01074_mat_hprc_r2_v1.0.1.merged	fastga-no-diff	100	edit	3128829	364305322	13301570
hprcv2-25k	HG01074_pat_hprc_r2_v1.0.1.merged	fastga-no-diff	100	edit	2503286	283162174	10118688
hprcv2-25k	HG01081_mat_hprc_r2_v1.0.1.merged	fastga-no-diff	100	edit	2377547	269723492	9500469
hprcv2-25k	HG01081_pat_hprc_r2_v1.0.1.merged	fastga-no-diff	100	edit	2634982	307278597	10843562
hprcv2-25k	HG01099_mat_hprc_r2_v1.0.1.merged	fastga-no-diff	100	edit	3025179	340504500	12734738
hprcv2-25k	HG01099_pat_hprc_r2_v1.0.1.merged	fastga-no-diff	100	edit	3331048	367901439	14212904
hprcv2-25k	HG01106_mat_hprc_r2_v1.0.1.merged	fastga-no-diff	100	edit	2695684	313746675	11138794
hprcv2-25k	HG01106_pat_hprc_r2_v1.0.1.merged	fastga-no-diff	100	edit	2664990	289283061	10816397
hprcv2-25k	HG01109_mat_hprc_r2_v1.0.1.merged	fastga-no-diff	100	edit	2706718	295478835	11041595
hprcv2-25k	HG01109_pat_hprc_r2_v1.0.1.merged	fastga-no-diff	100	edit	2184146	233612141	8717910
hprcv2-25k	HG01123_mat_hprc_r2_v1.0.1.merged	fastga-no-diff	100	edit	2318492	267740724	9257512
hprcv2-25k	HG01123_pat_hprc_r2_v1.0.1.merged	fastga-no-diff	100	edit	2767980	320314719	11496113
hprcv2-25k	HG01150_mat_hprc_r2_v1.0.1.merged	fastga-no-diff	100	edit	3216552	363531255	13692596
hprcv2-25k	HG01150_pat_hprc_r2_v1.0.1.merged	fastga-no-diff	100	edit	2369523	269257566	9460677
hprcv2-25k	HG01167_hap1_hprc_r2_v1.0.1.merged	fastga-no-diff	100	edit	3458616	380606552	14834826
hprcv2-25k	HG01167_hap2_hprc_r2_v1.0.1.merged	fastga-no-diff	100	edit	2298270	254947416	9170018
hprcv2-25k	HG01175_mat_hprc_r2_v1.0.1.merged	fastga-no-diff	100	edit	2519860	289837951	10239256
hprcv2-25k	HG01175_pat_hprc_r2_v1.0.1.merged	fastga-no-diff	100	edit	2911468	336887688	12193467
hprcv2-25k	HG01192_mat_hprc_r2_v1.0.1.merged	fastga-no-diff	100	edit	2919143	337607087	12243855
hprcv2-25k	HG01192_pat_hprc_r2_v1.0.1.merged	fastga-no-diff	100	edit	2489654	267271050	9933957
hprcv2-25k	HG01243_mat_hprc_r2_v1.0.1.merged	fastga-no-diff	100	edit	2867105	325790992	11950804
hprcv2-25k	HG01243_pat_hprc_r2_v1.0.1.merged	fastga-no-diff	100	edit	3369227	362403257	14324251
hprcv2-25k	HG01252_mat_hprc_r2_v1.0.1.merged	fastga-no-diff	100	edit	2202993	255646499	8789099
hprcv2-25k	HG01252_pat_hprc_r2_v1.0.1.merged	fastga-no-diff	100	edit	2592231	286706762	10508069
hprcv2-25k	HG01255_mat_hprc_r2_v1.0.1.merged	fastga-no-diff	100	edit	2350060	272603976	9409013
hprcv2-25k	HG01255_pat_hprc_r2_v1.0.1.merged	fastga-no-diff	100	edit	2737796	303249137	11245367
hprcv2-25k	HG01258_mat_hprc_r2_v1.0.1.merged	fastga-no-diff	100	edit	2482057	285707489	10056633
hprcv2-25k	HG01258_pat_hprc_r2_v1.0.1.merged	fastga-no-diff	100	edit	2503222	276207246	10063091
hprcv2-25k	HG01261_mat_hprc_r2_v1.0.1.merged	fastga-no-diff	100	edit	2443649	284760364	9884691
hprcv2-25k	HG01261_pat_hprc_r2_v1.0.1.merged	fastga-no-diff	100	edit	1821825	200603246	7262638
hprcv2-25k	HG01346_mat_hprc_r2_v1.0.1.merged	fastga-no-diff	100	edit	2901382	337217298	12177581
hprcv2-25k	HG01346_pat_hprc_r2_v1.0.1.merged	fastga-no-diff	100	edit	1944458	217625410	7754459
hprcv2-25k	HG01358_mat_hprc_r2_v1.0.1.merged	fastga-no-diff	100	edit	3250047	373832660	13915061
hprcv2-25k	HG01358_pat_hprc_r2_v1.0.1.merged	fastga-no-diff	100	edit	2706576	305952977	11125749
hprcv2-25k	HG01361_mat_hprc_r2_v1.0.1.merged	fastga-no-diff	100	edit	2815729	321778258	11697460
hprcv2-25k	HG01361_pat_hprc_r2_v1.0.1.merged	fastga-no-diff	100	edit	2677457	304504660	11007057
hprcv2-25k	HG01433_mat_hprc_r2_v1.0.1.merged	fastga-no-diff	100	edit	2469261	292941390	10057325
hprcv2-25k	HG01433_pat_hprc_r2_v1.0.1.merged	fastga-no-diff	100	edit	2472435	275042957	9931777
hprcv2-25k	HG01496_mat_hprc_r2_v1.0.1.merged	fastga-no-diff	100	edit	2370257	273938562	9508985
hprcv2-25k	HG01496_pat_hprc_r2_v1.0.1.merged	fastga-no-diff	100	edit	2530087	298432981	10355211
hprcv2-25k	HG01530_hap1_hprc_r2_v1.0.1.merged	fastga-no-diff	100	edit	2543666	280150322	10259687
hprcv2-25k	HG01530_hap2_hprc_r2_v1.0.1.merged	fastga-no-diff	100	edit	2805854	321266800	11659133
hprcv2-25k	HG01784_hap1_hprc_r2_v1.0.1.merged	fastga-no-diff	100	edit	2947235	347113884	12427197
hprcv2-25k	HG01784_hap2_hprc_r2_v1.0.1.merged	fastga-no-diff	100	edit	2469675	262916527	9858137
hprcv2-25k	HG01786_hap1_hprc_r2_v1.0.1.merged	fastga-no-diff	100	edit	2606669	294279275	10634688
hprcv2-25k	HG01786_hap2_hprc_r2_v1.0.1.merged	fastga-no-diff	100	edit	2797276	316148092	11600269
hprcv2-25k	HG01884_mat_hprc_r2_v1.0.1.merged	fastga-no-diff	100	edit	2284836	249113771	9114771
hprcv2-25k	HG01884_pat_hprc_r2_v1.0.1.merged	fastga-no-diff	100	edit	2313952	257285404	9236253
hprcv2-25k	HG01891_mat_hprc_r2_v1.0.1.merged	fastga-no-diff	100	edit	2870699	308838285	11837369
hprcv2-25k	HG01891_pat_hprc_r2_v1.0.1.merged	fastga-no-diff	100	edit	2667583	289187588	10829171
hprcv2-25k	HG01928_mat_hprc_r2_v1.0.1.merged	fastga-no-diff	100	edit	2783055	316453275	11527444
hprcv2-25k	HG01928_pat_hprc_r2_v1.0.1.merged	fastga-no-diff	100	edit	2635920	284051672	10655045
hprcv2-25k	HG01934_mat_hprc_r2_v1.0.1.merged	fastga-no-diff	100	edit	2454878	277665213	9879022
hprcv2-25k	HG01934_pat_hprc_r2_v1.0.1.merged	fastga-no-diff	100	edit	3746801	421207808	16322702
hprcv2-25k	HG01940_mat_hprc_r2_v1.0.1.merged	fastga-no-diff	100	edit	2064219	233735783	8236795
hprcv2-25k	HG01940_pat_hprc_r2_v1.0.1.merged	fastga-no-diff	100	edit	2726753	306823696	11205162
hprcv2-25k	HG01943_mat_hprc_r2_v1.0.1.merged	fastga-no-diff	100	edit	2440483	284191414	9871502
hprcv2-25k	HG01943_pat_hprc_r2_v1.0.1.merged	fastga-no-diff	100	edit	2127941	234691795	8492326
hprcv2-25k	HG01952_mat_hprc_r2_v1.0.1.merged	fastga-no-diff	100	edit	2664463	303447104	10939896
hprcv2-25k	HG01952_pat_hprc_r2_v1.0.1.merged	fastga-no-diff	100	edit	2495069	267571780	9957946
hprcv2-25k	HG01960_mat_hprc_r2_v1.0.1.merged	fastga-no-diff	100	edit	3350607	362792751	14242216
hprcv2-25k	HG01960_pat_hprc_r2_v1.0.1.merged	fastga-no-diff	100	edit	2815764	311074230	11624074
hprcv2-25k	HG01969_mat_hprc_r2_v1.0.1.merged	fastga-no-diff	100	edit	2724927	309540264	11240505
hprcv2-25k	HG01969_pat_hprc_r2_v1.0.1.merged	fastga-no-diff	100	edit	3166506	346207784	13357886
hprcv2-25k	HG01975_mat_hprc_r2_v1.0.1.merged	fastga-no-diff	100	edit	2619481	306191266	10786304
hprcv2-25k	HG01975_pat_hprc_r2_v1.0.1.merged	fastga-no-diff	100	edit	3681255	404211561	15901754
hprcv2-25k	HG01978_mat_hprc_r2_v1.1.0.merged	fastga-no-diff	100	edit	3507600	406186842	15190227
hprcv2-25k	HG01978_pat_hprc_r2_v1.1.0.merged	fastga-no-diff	100	edit	1981970	226822959	7910790
hprcv2-25k	HG01981_mat_hprc_r2_v1.0.1.merged	fastga-no-diff	100	edit	2749646	307711715	11322333
hprcv2-25k	HG01981_pat_hprc_r2_v1.0.1.merged	fastga-no-diff	100	edit	2487085	294050633	10138146
hprcv2-25k	HG01993_mat_hprc_r2_v1.0.1.merged	fastga-no-diff	100	edit	2784431	319626484	11561620
hprcv2-25k	HG01993_pat_hprc_r2_v1.0.1.merged	fastga-no-diff	100	edit	2320472	275409502	9326810
hprcv2-25k	HG02004_mat_hprc_r2_v1.0.1.merged	fastga-no-diff	100	edit	2915704	339964699	12238707
hprcv2-25k	HG02004_pat_hprc_r2_v1.0.1.merged	fastga-no-diff	100	edit	3003591	348566083	12675560
hprcv2-25k	HG02015_mat_hprc_r2_v1.0.1.merged	fastga-no-diff	100	edit	2312935	266826103	9232395
hprcv2-25k	HG02015_pat_hprc_r2_v1.0.1.merged	fastga-no-diff	100	edit	2528695	284399969	10238057
hprcv2-25k	HG02027_mat_hprc_r2_v1.0.1.merged	fastga-no-diff	100	edit	2878240	334418755	12058202
hprcv2-25k	HG02027_pat_hprc_r2_v1.0.1.merged	fastga-no-diff	100	edit	2453285	281677601	9910715
hprcv2-25k	HG02040_hap1_hprc_r2_v1.0.1.merged	fastga-no-diff	100	edit	2339813	261931419	9338975
hprcv2-25k	HG02040_hap2_hprc_r2_v1.0.1.merged	fastga-no-diff	100	edit	3088134	346877399	13046314
hprcv2-25k	HG02055_mat_hprc_r2_v1.0.1.merged	fastga-no-diff	100	edit	2482436	271622868	9931463
hprcv2-25k	HG02055_pat_hprc_r2_v1.0.1.merged	fastga-no-diff	100	edit	2942184	320091746	12208390
hprcv2-25k	HG02056_mat_hprc_r2_v1.0.1.merged	fastga-no-diff	100	edit	3063225	346541191	12913383
hprcv2-25k	HG02056_pat_hprc_r2_v1.0.1.merged	fastga-no-diff	100	edit	2828324	314138166	11702291
hprcv2-25k	HG02071_mat_hprc_r2_v1.0.1.merged	fastga-no-diff	100	edit	3153829	358510861	13413943
hprcv2-25k	HG02071_pat_hprc_r2_v1.0.1.merged	fastga-no-diff	100	edit	2175512	237118297	8683906
hprcv2-25k	HG02074_mat_hprc_r2_v1.0.1.merged	fastga-no-diff	100	edit	2778681	306368997	11465987
hprcv2-25k	HG02074_pat_hprc_r2_v1.0.1.merged	fastga-no-diff	100	edit	3039749	336036579	12751503
hprcv2-25k	HG02080_mat_hprc_r2_v1.0.1.merged	fastga-no-diff	100	edit	2557342	295964284	10434498
hprcv2-25k	HG02080_pat_hprc_r2_v1.0.1.merged	fastga-no-diff	100	edit	2911040	331553758	12177861
hprcv2-25k	HG02083_mat_hprc_r2_v1.0.1.merged	fastga-no-diff	100	edit	2439586	280168205	9831615
hprcv2-25k	HG02083_pat_hprc_r2_v1.0.1.merged	fastga-no-diff	100	edit	2655143	296419734	10849997
hprcv2-25k	HG02109_mat_hprc_r2_v1.0.1.merged	fastga-no-diff	100	edit	3609857	396137436	15587259
hprcv2-25k	HG02109_pat_hprc_r2_v1.0.1.merged	fastga-no-diff	100	edit	3272952	355944532	13857181
hprcv2-25k	HG02129_mat_hprc_r2_v1.0.1.merged	fastga-no-diff	100	edit	3176331	358005734	13473906
hprcv2-25k	HG02129_pat_hprc_r2_v1.0.1.merged	fastga-no-diff	100	edit	2928206	329233309	12214051
hprcv2-25k	HG02132_mat_hprc_r2_v1.0.1.merged	fastga-no-diff	100	edit	2100356	243678840	8378174
hprcv2-25k	HG02132_pat_hprc_r2_v1.0.1.merged	fastga-no-diff	100	edit	3073139	338757369	12902411
hprcv2-25k	HG02135_mat_hprc_r2_v1.0.1.merged	fastga-no-diff	100	edit	2792966	324088258	11642841
hprcv2-25k	HG02135_pat_hprc_r2_v1.0.1.merged	fastga-no-diff	100	edit	2857475	321847516	11892161
hprcv2-25k	HG02145_mat_hprc_r2_v1.0.1.merged	fastga-no-diff	100	edit	3122289	343450514	13142104
hprcv2-25k	HG02145_pat_hprc_r2_v1.0.1.merged	fastga-no-diff	100	edit	2380311	257484212	9501586
hprcv2-25k	HG02148_mat_hprc_r2_v1.0.1.merged	fastga-no-diff	100	edit	2386977	277031471	9588449
hprcv2-25k	HG02148_pat_hprc_r2_v1.0.1.merged	fastga-no-diff	100	edit	2860991	335139878	11985982
hprcv2-25k	HG02155_hap1_hprc_r2_v1.0.1.merged	fastga-no-diff	100	edit	2557234	292283783	10405916
hprcv2-25k	HG02155_hap2_hprc_r2_v1.0.1.merged	fastga-no-diff	100	edit	2372684	273076686	9504927
hprcv2-25k	HG02165_hap1_hprc_r2_v1.0.1.merged	fastga-no-diff	100	edit	2701808	321240433	11232789
hprcv2-25k	HG02165_hap2_hprc_r2_v1.0.1.merged	fastga-no-diff	100	edit	2886047	339589806	12148453
hprcv2-25k	HG02178_hap1_hprc_r2_v1.0.1.merged	fastga-no-diff	100	edit	3207446	356602274	13588055
hprcv2-25k	HG02178_hap2_hprc_r2_v1.0.1.merged	fastga-no-diff	100	edit	2496900	291193189	10174385
hprcv2-25k	HG02257_mat_hprc_r2_v1.1.0.merged	fastga-no-diff	100	edit	1887720	209456638	7531033
hprcv2-25k	HG02257_pat_hprc_r2_v1.1.0.merged	fastga-no-diff	100	edit	2789210	297885959	11402896
hprcv2-25k	HG02258_mat_hprc_r2_v1.0.1.merged	fastga-no-diff	100	edit	2437817	270193553	9745570
hprcv2-25k	HG02258_pat_hprc_r2_v1.0.1.merged	fastga-no-diff	100	edit	2936066	320915017	12203712
hprcv2-25k	HG02273_hap1_hprc_r2_v1.0.1.merged	fastga-no-diff	100	edit	3014164	346389039	12714532
hprcv2-25k	HG02273_hap2_hprc_r2_v1.0.1.merged	fastga-no-diff	100	edit	1980791	236528044	7903109
hprcv2-25k	HG02280_mat_hprc_r2_v1.0.1.merged	fastga-no-diff	100	edit	2903233	323337180	12090524
hprcv2-25k	HG02280_pat_hprc_r2_v1.0.1.merged	fastga-no-diff	100	edit	3621330	389126165	15580674
hprcv2-25k	HG02293_mat_hprc_r2_v1.0.1.merged	fastga-no-diff	100	edit	1919277	224975150	7659351
hprcv2-25k	HG02293_pat_hprc_r2_v1.0.1.merged	fastga-no-diff	100	edit	1877580	227585323	7487307
hprcv2-25k	HG02300_mat_hprc_r2_v1.0.1.merged	fastga-no-diff	100	edit	3109019	364894552	13237270
hprcv2-25k	HG02300_pat_hprc_r2_v1.0.1.merged	fastga-no-diff	100	edit	2798055	317791866	11575830
hprcv2-25k	HG02391_hap1_hprc_r2_v1.0.1.merged	fastga-no-diff	100	edit	2133398	246486070	8515017
hprcv2-25k	HG02391_hap2_hprc_r2_v1.0.1.merged	fastga-no-diff	100	edit	2142684	253303576	8549853
hprcv2-25k	HG02392_hap1_hprc_r2_v1.0.1.merged	fastga-no-diff	100	edit	2445934	273624638	9808999
hprcv2-25k	HG02392_hap2_hprc_r2_v1.0.1.merged	fastga-no-diff	100	edit	2367531	273488242	9486145
hprcv2-25k	HG02451_mat_hprc_r2_v1.0.1.merged	fastga-no-diff	100	edit	2501619	267392498	9981619
hprcv2-25k	HG02451_pat_hprc_r2_v1.0.1.merged	fastga-no-diff	100	edit	3120576	337902199	13102170
hprcv2-25k	HG02486_mat_hprc_r2_v1.0.1.merged	fastga-no-diff	100	edit	2751309	309776302	11347030
hprcv2-25k	HG02486_pat_hprc_r2_v1.0.1.merged	fastga-no-diff	100	edit	2411768	254413674	9621107
hprcv2-25k	HG02514_mat_hprc_r2_v1.0.1.merged	fastga-no-diff	100	edit	2584727	297577640	10554836
hprcv2-25k	HG02514_pat_hprc_r2_v1.0.1.merged	fastga-no-diff	100	edit	3495607	381032954	14987642
hprcv2-25k	HG02523_mat_hprc_r2_v1.0.1.merged	fastga-no-diff	100	edit	2764952	323486499	11507714
hprcv2-25k	HG02523_pat_hprc_r2_v1.0.1.merged	fastga-no-diff	100	edit	2540032	291064835	10335378
hprcv2-25k	HG02559_mat_hprc_r2_v1.0.1.merged	fastga-no-diff	100	edit	2721459	303973535	11177867
hprcv2-25k	HG02559_pat_hprc_r2_v1.0.1.merged	fastga-no-diff	100	edit	2966190	325910599	12354159
hprcv2-25k	HG02572_mat_hprc_r2_v1.0.1.merged	fastga-no-diff	100	edit	3136931	343151280	13211022
hprcv2-25k	HG02572_pat_hprc_r2_v1.0.1.merged	fastga-no-diff	100	edit	2800699	296323706	11434027
hprcv2-25k	HG02583_hap1_hprc_r2_v1.0.1.merged	fastga-no-diff	100	edit	3224337	354000479	13657831
hprcv2-25k	HG02583_hap2_hprc_r2_v1.0.1.merged	fastga-no-diff	100	edit	2832063	303686572	11621976
hprcv2-25k	HG02602_mat_hprc_r2_v1.0.1.merged	fastga-no-diff	100	edit	2978344	330918207	12451778
hprcv2-25k	HG02602_pat_hprc_r2_v1.0.1.merged	fastga-no-diff	100	edit	2400299	271476078	9606360
hprcv2-25k	HG02615_mat_hprc_r2_v1.0.1.merged	fastga-no-diff	100	edit	2940506	320614339	12215499
hprcv2-25k	HG02615_pat_hprc_r2_v1.0.1.merged	fastga-no-diff	100	edit	3298424	361133695	14013766
hprcv2-25k	HG02622_mat_hprc_r2_v1.0.1.merged	fastga-no-diff	100	edit	3189237	341801391	13430436
hprcv2-25k	HG02622_pat_hprc_r2_v1.0.1.merged	fastga-no-diff	100	edit	2193027	245224112	8753732
hprcv2-25k	HG02630_mat_hprc_r2_v1.0.1.merged	fastga-no-diff	100	edit	2791866	307054425	11501845
hprcv2-25k	HG02630_pat_hprc_r2_v1.0.1.merged	fastga-no-diff	100	edit	2716597	300600887	11133293
hprcv2-25k	HG02647_mat_hprc_r2_v1.0.1.merged	fastga-no-diff	100	edit	3409646	369527876	14546745
hprcv2-25k	HG02647_pat_hprc_r2_v1.0.1.merged	fastga-no-diff	100	edit	2966113	305496645	12205674
hprcv2-25k	HG02668_mat_hprc_r2_v1.0.1.merged	fastga-no-diff	100	edit	2926773	315586751	12111321
hprcv2-25k	HG02668_pat_hprc_r2_v1.0.1.merged	fastga-no-diff	100	edit	3248098	347548941	13719488
hprcv2-25k	HG02698_mat_hprc_r2_v1.0.1.merged	fastga-no-diff	100	edit	2896803	335921906	12161941
hprcv2-25k	HG02698_pat_hprc_r2_v1.0.1.merged	fastga-no-diff	100	edit	3055355	338416933	12834673
hprcv2-25k	HG02717_mat_hprc_r2_v1.0.1.merged	fastga-no-diff	100	edit	2243349	251327824	8949009
hprcv2-25k	HG02717_pat_hprc_r2_v1.0.1.merged	fastga-no-diff	100	edit	2681894	292012004	10912988
hprcv2-25k	HG02723_mat_hprc_r2_v1.0.1.merged	fastga-no-diff	100	edit	2375772	259573963	9478755
hprcv2-25k	HG02723_pat_hprc_r2_v1.0.1.merged	fastga-no-diff	100	edit	2897818	311353116	11963945
hprcv2-25k	HG02735_mat_hprc_r2_v1.0.1.merged	fastga-no-diff	100	edit	2379623	269764567	9503758
hprcv2-25k	HG02735_pat_hprc_r2_v1.0.1.merged	fastga-no-diff	100	edit	2520078	279790351	10155871
hprcv2-25k	HG02738_mat_hprc_r2_v1.0.1.merged	fastga-no-diff	100	edit	2960388	338171360	12426793
hprcv2-25k	HG02738_pat_hprc_r2_v1.0.1.merged	fastga-no-diff	100	edit	2702579	301471919	11085465
hprcv2-25k	HG02809_mat_hprc_r2_v1.0.1.merged	fastga-no-diff	100	edit	2611067	288762927	10601248
hprcv2-25k	HG02809_pat_hprc_r2_v1.0.1.merged	fastga-no-diff	100	edit	3362279	372003696	14374893
hprcv2-25k	HG02818_mat_hprc_r2_v1.0.1.merged	fastga-no-diff	100	edit	2546842	280972205	10270948
hprcv2-25k	HG02818_pat_hprc_r2_v1.0.1.merged	fastga-no-diff	100	edit	2434145	262387667	9712711
hprcv2-25k	HG02841_mat_hprc_r2_v1.0.1.merged	fastga-no-diff	100	edit	2793730	299086942	11431663
hprcv2-25k	HG02841_pat_hprc_r2_v1.0.1.merged	fastga-no-diff	100	edit	3254668	364818840	13842003
hprcv2-25k	HG02886_mat_hprc_r2_v1.0.1.merged	fastga-no-diff	100	edit	3201416	345796298	13485822
hprcv2-25k	HG02886_pat_hprc_r2_v1.0.1.merged	fastga-no-diff	100	edit	3227110	350510851	13642208
hprcv2-25k	HG02922_hap1_hprc_r2_v1.0.1.merged	fastga-no-diff	100	edit	2693466	299432811	11034417
hprcv2-25k	HG02922_hap2_hprc_r2_v1.0.1.merged	fastga-no-diff	100	edit	3003348	326672354	12505879
hprcv2-25k	HG02965_hap1_hprc_r2_v1.0.1.merged	fastga-no-diff	100	edit	3079549	325540111	12837863
hprcv2-25k	HG02965_hap2_hprc_r2_v1.0.1.merged	fastga-no-diff	100	edit	3288195	352985799	13918977
hprcv2-25k	HG02976_hap1_hprc_r2_v1.0.1.merged	fastga-no-diff	100	edit	3573917	393197380	15402697
hprcv2-25k	HG02976_hap2_hprc_r2_v1.0.1.merged	fastga-no-diff	100	edit	2659217	297482190	10871747
hprcv2-25k	HG02984_mat_hprc_r2_v1.0.1.merged	fastga-no-diff	100	edit	3217289	346170310	13564573
hprcv2-25k	HG02984_pat_hprc_r2_v1.0.1.merged	fastga-no-diff	100	edit	2773188	290821570	11270711
hprcv2-25k	HG03017_mat_hprc_r2_v1.0.1.merged	fastga-no-diff	100	edit	2487327	286028627	10079528
hprcv2-25k	HG03017_pat_hprc_r2_v1.0.1.merged	fastga-no-diff	100	edit	2809704	317159915	11643503
hprcv2-25k	HG03041_mat_hprc_r2_v1.0.1.merged	fastga-no-diff	100	edit	3200420	349782883	13520341
hprcv2-25k	HG03041_pat_hprc_r2_v1.0.1.merged	fastga-no-diff	100	edit	2594494	287208570	10530587
hprcv2-25k	HG03050_mat_hprc_r2_v1.0.1.merged	fastga-no-diff	100	edit	3003502	339319407	12625127
hprcv2-25k	HG03050_pat_hprc_r2_v1.0.1.merged	fastga-no-diff	100	edit	3341051	350374871	14108384
hprcv2-25k	HG03098_mat_hprc_r2_v1.0.1.merged	fastga-no-diff	100	edit	2771367	302279390	11377490
hprcv2-25k	HG03098_pat_hprc_r2_v1.0.1.merged	fastga-no-diff	100	edit	3366800	360959726	14304677
hprcv2-25k	HG03130_hap1_hprc_r2_v1.0.1.merged	fastga-no-diff	100	edit	2239530	237234901	8935391
hprcv2-25k	HG03130_hap2_hprc_r2_v1.0.1.merged	fastga-no-diff	100	edit	2553015	278972062	10276385
hprcv2-25k	HG03139_hap1_hprc_r2_v1.0.1.merged	fastga-no-diff	100	edit	2414531	250996578	9636087
hprcv2-25k	HG03139_hap2_hprc_r2_v1.0.1.merged	fastga-no-diff	100	edit	3943508	430982170	17242079
hprcv2-25k	HG03195_hap1_hprc_r2_v1.0.1.merged	fastga-no-diff	100	edit	2576670	282702865	10404235
hprcv2-25k	HG03195_hap2_hprc_r2_v1.0.1.merged	fastga-no-diff	100	edit	2629273	288764369	10674816
hprcv2-25k	HG03209_hap1_hprc_r2_v1.0.1.merged	fastga-no-diff	100	edit	3738796	393151539	16130914
hprcv2-25k	HG03209_hap2_hprc_r2_v1.0.1.merged	fastga-no-diff	100	edit	2249715	243203906	8974842
hprcv2-25k	HG03225_hap1_hprc_r2_v1.0.1.merged	fastga-no-diff	100	edit	2679348	280260254	10805076
hprcv2-25k	HG03225_hap2_hprc_r2_v1.0.1.merged	fastga-no-diff	100	edit	3032625	331997335	12683296
hprcv2-25k	HG03239_mat_hprc_r2_v1.0.1.merged	fastga-no-diff	100	edit	2755042	297890652	11265544
hprcv2-25k	HG03239_pat_hprc_r2_v1.0.1.merged	fastga-no-diff	100	edit	2939358	334314535	12316443
hprcv2-25k	HG03270_hap1_hprc_r2_v1.0.1.merged	fastga-no-diff	100	edit	3409419	390761414	14689338
hprcv2-25k	HG03270_hap2_hprc_r2_v1.0.1.merged	fastga-no-diff	100	edit	2882366	323297943	11986504
hprcv2-25k	HG03369_hap1_hprc_r2_v1.0.1.merged	fastga-no-diff	100	edit	3255142	362837719	13859029
hprcv2-25k	HG03369_hap2_hprc_r2_v1.0.1.merged	fastga-no-diff	100	edit	2573675	262044534	10271126
hprcv2-25k	HG03453_mat_hprc_r2_v1.0.1.merged	fastga-no-diff	100	edit	2474264	270131265	9887258
hprcv2-25k	HG03453_pat_hprc_r2_v1.0.1.merged	fastga-no-diff	100	edit	2293661	244633967	9153342
hprcv2-25k	HG03470_hap1_hprc_r2_v1.0.1.merged	fastga-no-diff	100	edit	3139093	343572796	13227169
hprcv2-25k	HG03470_hap2_hprc_r2_v1.0.1.merged	fastga-no-diff	100	edit	3099943	337311969	13002435
hprcv2-25k	HG03471_hap1_hprc_r2_v1.0.1.merged	fastga-no-diff	100	edit	1961428	211251753	7825720
hprcv2-25k	HG03471_hap2_hprc_r2_v1.0.1.merged	fastga-no-diff	100	edit	2476562	270249119	9901198
hprcv2-25k	HG03486_mat_hprc_r2_v1.0.1.merged	fastga-no-diff	100	edit	2732500	296486386	11167048
hprcv2-25k	HG03486_pat_hprc_r2_v1.0.1.merged	fastga-no-diff	100	edit	2786501	312062382	11506716
hprcv2-25k	HG03516_mat_hprc_r2_v1.1.0.merged	fastga-no-diff	100	edit	3395070	368821777	14479158
hprcv2-25k	HG03516_pat_hprc_r2_v1.1.0.merged	fastga-no-diff	100	edit	2403877	264269515	9591338
hprcv2-25k	HG03521_hap1_hprc_r2_v1.0.1.merged	fastga-no-diff	100	edit	2798333	296051190	11427068
hprcv2-25k	HG03521_hap2_hprc_r2_v1.0.1.merged	fastga-no-diff	100	edit	2818091	317028961	11670515
hprcv2-25k	HG03540_mat_hprc_r2_v1.0.1.merged	fastga-no-diff	100	edit	2643122	298150751	10806164
hprcv2-25k	HG03540_pat_hprc_r2_v1.0.1.merged	fastga-no-diff	100	edit	2929842	327872332	12227676
hprcv2-25k	HG03579_mat_hprc_r2_v1.0.1.merged	fastga-no-diff	100	edit	2320188	249512452	9259814
hprcv2-25k	HG03579_pat_hprc_r2_v1.0.1.merged	fastga-no-diff	100	edit	2355366	244785258	9398289
hprcv2-25k	HG03583_hap1_hprc_r2_v1.0.1.merged	fastga-no-diff	100	edit	2596613	280277536	10468444
hprcv2-25k	HG03583_hap2_hprc_r2_v1.0.1.merged	fastga-no-diff	100	edit	2300127	248461395	9176379
hprcv2-25k	HG03654_mat_hprc_r2_v1.0.1.merged	fastga-no-diff	100	edit	2467959	276734185	9918611
hprcv2-25k	HG03654_pat_hprc_r2_v1.0.1.merged	fastga-no-diff	100	edit	2836729	302499552	11639040
hprcv2-25k	HG03669_mat_hprc_r2_v1.0.1.merged	fastga-no-diff	100	edit	2971584	339382544	12492458
hprcv2-25k	HG03669_pat_hprc_r2_v1.0.1.merged	fastga-no-diff	100	edit	3054180	349121183	12914832
hprcv2-25k	HG03688_mat_hprc_r2_v1.0.1.merged	fastga-no-diff	100	edit	2816443	317965043	11701845
hprcv2-25k	HG03688_pat_hprc_r2_v1.0.1.merged	fastga-no-diff	100	edit	2364102	259140141	9434339
hprcv2-25k	HG03704_mat_hprc_r2_v1.0.1.merged	fastga-no-diff	100	edit	2950055	345850585	12432793
hprcv2-25k	HG03704_pat_hprc_r2_v1.0.1.merged	fastga-no-diff	100	edit	3406350	387296169	14631987
hprcv2-25k	HG03710_mat_hprc_r2_v1.0.1.merged	fastga-no-diff	100	edit	2791065	325185910	11645114
hprcv2-25k	HG03710_pat_hprc_r2_v1.0.1.merged	fastga-no-diff	100	edit	3026973	326024910	12611874
hprcv2-25k	HG03742_hap1_hprc_r2_v1.0.1.merged	fastga-no-diff	100	edit	2489288	275621833	10009229
hprcv2-25k	HG03742_hap2_hprc_r2_v1.0.1.merged	fastga-no-diff	100	edit	2375848	277177552	9564039
hprcv2-25k	HG03784_hap1_hprc_r2_v1.0.1.merged	fastga-no-diff	100	edit	2617834	303842929	10758798
hprcv2-25k	HG03784_hap2_hprc_r2_v1.0.1.merged	fastga-no-diff	100	edit	2625003	295780475	10709120
hprcv2-25k	HG03804_mat_hprc_r2_v1.0.1.merged	fastga-no-diff	100	edit	2713978	317927794	11254795
hprcv2-25k	HG03804_pat_hprc_r2_v1.0.1.merged	fastga-no-diff	100	edit	2479970	281377323	10022816
hprcv2-25k	HG03816_mat_hprc_r2_v1.0.1.merged	fastga-no-diff	100	edit	3101300	346579480	13088851
hprcv2-25k	HG03816_pat_hprc_r2_v1.0.1.merged	fastga-no-diff	100	edit	3149260	369941748	13446061
hprcv2-25k	HG03831_mat_hprc_r2_v1.0.1.merged	fastga-no-diff	100	edit	2235546	259906258	8919720
hprcv2-25k	HG03831_pat_hprc_r2_v1.0.1.merged	fastga-no-diff	100	edit	2082868	243616471	8309451
hprcv2-25k	HG03834_mat_hprc_r2_v1.0.1.merged	fastga-no-diff	100	edit	2589770	293881813	10558955
hprcv2-25k	HG03834_pat_hprc_r2_v1.0.1.merged	fastga-no-diff	100	edit	2733946	315043586	11325998
hprcv2-25k	HG03874_hap1_hprc_r2_v1.0.1.merged	fastga-no-diff	100	edit	2361395	273657742	9465796
hprcv2-25k	HG03874_hap2_hprc_r2_v1.0.1.merged	fastga-no-diff	100	edit	2678359	309146228	11063916
hprcv2-25k	HG03927_mat_hprc_r2_v1.0.1.merged	fastga-no-diff	100	edit	2349339	268396095	9377724
hprcv2-25k	HG03927_pat_hprc_r2_v1.0.1.merged	fastga-no-diff	100	edit	3138569	362155654	13349993
hprcv2-25k	HG03942_mat_hprc_r2_v1.0.1.merged	fastga-no-diff	100	edit	2579146	301263013	10585413
hprcv2-25k	HG03942_pat_hprc_r2_v1.0.1.merged	fastga-no-diff	100	edit	2698734	297592020	11021456
hprcv2-25k	HG04115_mat_hprc_r2_v1.0.1.merged	fastga-no-diff	100	edit	2615578	310922076	10798423
hprcv2-25k	HG04115_pat_hprc_r2_v1.0.1.merged	fastga-no-diff	100	edit	2756823	308252126	11349850
hprcv2-25k	HG04157_mat_hprc_r2_v1.0.1.merged	fastga-no-diff	100	edit	3036689	342506564	12781864
hprcv2-25k	HG04157_pat_hprc_r2_v1.0.1.merged	fastga-no-diff	100	edit	2632622	296235825	10743690
hprcv2-25k	HG04160_mat_hprc_r2_v1.0.1.merged	fastga-no-diff	100	edit	3119557	347993763	13154409
hprcv2-25k	HG04160_pat_hprc_r2_v1.0.1.merged	fastga-no-diff	100	edit	2579063	286148266	10445147
hprcv2-25k	HG04184_mat_hprc_r2_v1.0.1.merged	fastga-no-diff	100	edit	2767033	316036986	11472074
hprcv2-25k	HG04184_pat_hprc_r2_v1.0.1.merged	fastga-no-diff	100	edit	2655705	307266942	10927129
hprcv2-25k	HG04187_mat_hprc_r2_v1.0.1.merged	fastga-no-diff	100	edit	2645062	283097133	10682077
hprcv2-25k	HG04187_pat_hprc_r2_v1.0.1.merged	fastga-no-diff	100	edit	2828764	305483921	11630756
hprcv2-25k	HG04199_mat_hprc_r2_v1.0.1.merged	fastga-no-diff	100	edit	2303057	260082580	9189588
hprcv2-25k	HG04199_pat_hprc_r2_v1.0.1.merged	fastga-no-diff	100	edit	2180305	237504833	8696174
hprcv2-25k	HG04204_mat_hprc_r2_v1.0.1.merged	fastga-no-diff	100	edit	2620519	295783654	10695856
hprcv2-25k	HG04204_pat_hprc_r2_v1.0.1.merged	fastga-no-diff	100	edit	3110631	347423473	13127099
hprcv2-25k	HG04228_mat_hprc_r2_v1.0.1.merged	fastga-no-diff	100	edit	1914120	221113219	7634680
hprcv2-25k	HG04228_pat_hprc_r2_v1.0.1.merged	fastga-no-diff	100	edit	2735291	295669835	11156634
hprcv2-25k	HG06807_mat_v1.0.genbank.merged	fastga-no-diff	100	edit	2634801	281049861	10638321
hprcv2-25k	HG06807_pat_v1.0.genbank.merged	fastga-no-diff	100	edit	2935706	323475869	12225409
hprcv2-25k	NA18505_hap1_hprc_r2_v1.0.1.merged	fastga-no-diff	100	edit	2734340	309100479	11262548
hprcv2-25k	NA18505_hap2_hprc_r2_v1.0.1.merged	fastga-no-diff	100	edit	3539244	399734874	15305878
hprcv2-25k	NA18508_hap1_hprc_r2_v1.0.1.merged	fastga-no-diff	100	edit	2314519	249283442	9232848
hprcv2-25k	NA18508_hap2_hprc_r2_v1.0.1.merged	fastga-no-diff	100	edit	3295821	353157707	13945984
hprcv2-25k	NA18522_hap1_hprc_r2_v1.0.1.merged	fastga-no-diff	100	edit	2798618	296744967	11433776
hprcv2-25k	NA18522_hap2_hprc_r2_v1.0.1.merged	fastga-no-diff	100	edit	2947550	316241604	12197029
hprcv2-25k	NA18565_hap1_hprc_r2_v1.0.1.merged	fastga-no-diff	100	edit	2333049	259943696	9309251
hprcv2-25k	NA18565_hap2_hprc_r2_v1.0.1.merged	fastga-no-diff	100	edit	2845497	327719446	11884422
hprcv2-25k	NA18570_hap1_hprc_r2_v1.0.1.merged	fastga-no-diff	100	edit	2888757	335970276	12125570
hprcv2-25k	NA18570_hap2_hprc_r2_v1.0.1.merged	fastga-no-diff	100	edit	2467085	289701255	10028914
hprcv2-25k	NA18608_hap1_hprc_r2_v1.0.1.merged	fastga-no-diff	100	edit	2652125	296803854	10838405
hprcv2-25k	NA18608_hap2_hprc_r2_v1.0.1.merged	fastga-no-diff	100	edit	2930108	322177037	12196609
hprcv2-25k	NA18620_hap1_hprc_r2_v1.0.1.merged	fastga-no-diff	100	edit	2959861	326772627	12337587
hprcv2-25k	NA18620_hap2_hprc_r2_v1.0.1.merged	fastga-no-diff	100	edit	2435995	267456745	9722694
hprcv2-25k	NA18747_hap1_hprc_r2_v1.0.1.merged	fastga-no-diff	100	edit	2840763	318453030	11787335
hprcv2-25k	NA18747_hap2_hprc_r2_v1.0.1.merged	fastga-no-diff	100	edit	2513413	293831088	10246703
hprcv2-25k	NA18879_hap1_hprc_r2_v1.0.1.merged	fastga-no-diff	100	edit	2644547	283337196	10695360
hprcv2-25k	NA18879_hap2_hprc_r2_v1.0.1.merged	fastga-no-diff	100	edit	2723839	296298134	11120935
hprcv2-25k	NA18906_mat_hprc_r2_v1.0.1.merged	fastga-no-diff	100	edit	3155161	344687853	13291776
hprcv2-25k	NA18906_pat_hprc_r2_v1.0.1.merged	fastga-no-diff	100	edit	3536488	365208036	15065587
hprcv2-25k	NA18940_hap1_hprc_r2_v1.0.1.merged	fastga-no-diff	100	edit	2754066	300160116	11272014
hprcv2-25k	NA18940_hap2_hprc_r2_v1.0.1.merged	fastga-no-diff	100	edit	2950190	329986110	12340382
hprcv2-25k	NA18943_hap1_hprc_r2_v1.0.1.merged	fastga-no-diff	100	edit	2993181	339632912	12573403
hprcv2-25k	NA18943_hap2_hprc_r2_v1.0.1.merged	fastga-no-diff	100	edit	2275769	262087215	9082697
hprcv2-25k	NA18944_hap1_hprc_r2_v1.0.1.merged	fastga-no-diff	100	edit	2334449	269293656	9323005
hprcv2-25k	NA18944_hap2_hprc_r2_v1.0.1.merged	fastga-no-diff	100	edit	3184267	364063036	13555875
hprcv2-25k	NA18945_hap1_hprc_r2_v1.0.1.merged	fastga-no-diff	100	edit	2687157	294055125	10959061
hprcv2-25k	NA18945_hap2_hprc_r2_v1.0.1.merged	fastga-no-diff	100	edit	2464730	288811976	10010206
hprcv2-25k	NA18948_hap1_hprc_r2_v1.0.1.merged	fastga-no-diff	100	edit	2691855	294475496	10968433
hprcv2-25k	NA18948_hap2_hprc_r2_v1.0.1.merged	fastga-no-diff	100	edit	2657303	312507825	10971602
hprcv2-25k	NA18952_hap1_hprc_r2_v1.0.1.merged	fastga-no-diff	100	edit	2465483	266699339	9840254
hprcv2-25k	NA18952_hap2_hprc_r2_v1.0.1.merged	fastga-no-diff	100	edit	2722229	305458327	11206819
hprcv2-25k	NA18959_hap1_hprc_r2_v1.0.1.merged	fastga-no-diff	100	edit	2460898	273638619	9862891
hprcv2-25k	NA18959_hap2_hprc_r2_v1.0.1.merged	fastga-no-diff	100	edit	2129914	249556112	8502000
hprcv2-25k	NA18960_hap1_hprc_r2_v1.0.1.merged	fastga-no-diff	100	edit	2959577	342399733	12448836
hprcv2-25k	NA18960_hap2_hprc_r2_v1.0.1.merged	fastga-no-diff	100	edit	2874051	327298155	11997093
hprcv2-25k	NA18967_hap1_hprc_r2_v1.0.1.merged	fastga-no-diff	100	edit	2240642	258602119	8943088
hprcv2-25k	NA18967_hap2_hprc_r2_v1.0.1.merged	fastga-no-diff	100	edit	2589377	292645420	10562102
hprcv2-25k	NA18970_hap1_hprc_r2_v1.0.1.merged	fastga-no-diff	100	edit	1827195	208592870	7291345
hprcv2-25k	NA18970_hap2_hprc_r2_v1.0.1.merged	fastga-no-diff	100	edit	2617855	302575066	10737585
hprcv2-25k	NA18971_hap1_hprc_r2_v1.0.1.merged	fastga-no-diff	100	edit	2374960	266729207	9478497
hprcv2-25k	NA18971_hap2_hprc_r2_v1.0.1.merged	fastga-no-diff	100	edit	2802741	324771155	11672989
hprcv2-25k	NA18974_hap1_hprc_r2_v1.0.1.merged	fastga-no-diff	100	edit	2938525	341779666	12360851
hprcv2-25k	NA18974_hap2_hprc_r2_v1.0.1.merged	fastga-no-diff	100	edit	3331461	391396315	14359284
hprcv2-25k	NA18976_hap1_hprc_r2_v1.0.1.merged	fastga-no-diff	100	edit	2971717	324058160	12389632
hprcv2-25k	NA18976_hap2_hprc_r2_v1.0.1.merged	fastga-no-diff	100	edit	2810630	332896454	11772401
hprcv2-25k	NA18982_hap1_hprc_r2_v1.0.1.merged	fastga-no-diff	100	edit	3073902	346663266	12980128
hprcv2-25k	NA18982_hap2_hprc_r2_v1.0.1.merged	fastga-no-diff	100	edit	2352520	268485542	9387034
hprcv2-25k	NA18983_hap1_hprc_r2_v1.0.1.merged	fastga-no-diff	100	edit	2291805	256071103	9145456
hprcv2-25k	NA18983_hap2_hprc_r2_v1.0.1.merged	fastga-no-diff	100	edit	2495254	297767642	10210681
hprcv2-25k	NA19036_hap1_hprc_r2_v1.0.1.merged	fastga-no-diff	100	edit	3295247	358153753	13973780
hprcv2-25k	NA19036_hap2_hprc_r2_v1.0.1.merged	fastga-no-diff	100	edit	3049608	327022003	12716592
hprcv2-25k	NA19043_hap1_hprc_r2_v1.0.1.merged	fastga-no-diff	100	edit	2494109	265306763	9951102
hprcv2-25k	NA19043_hap2_hprc_r2_v1.0.1.merged	fastga-no-diff	100	edit	2838433	309125114	11695821
hprcv2-25k	NA19087_hap1_hprc_r2_v1.0.1.merged	fastga-no-diff	100	edit	2416651	282895386	9762845
hprcv2-25k	NA19087_hap2_hprc_r2_v1.0.1.merged	fastga-no-diff	100	edit	2405917	274130011	9654295
hprcv2-25k	NA19159_hap1_hprc_r2_v1.0.1.merged	fastga-no-diff	100	edit	2655714	298577477	10869705
hprcv2-25k	NA19159_hap2_hprc_r2_v1.0.1.merged	fastga-no-diff	100	edit	2979331	314801614	12324898
hprcv2-25k	NA19185_hap1_hprc_r2_v1.0.1.merged	fastga-no-diff	100	edit	2352289	254741239	9384046
hprcv2-25k	NA19185_hap2_hprc_r2_v1.0.1.merged	fastga-no-diff	100	edit	2856950	318470074	11857654
hprcv2-25k	NA19240_mat_hprc_r2_v1.0.1.merged	fastga-no-diff	100	edit	3099376	334652683	12993594
hprcv2-25k	NA19240_pat_hprc_r2_v1.0.1.merged	fastga-no-diff	100	edit	3190742	349206049	13467055
hprcv2-25k	NA19338_hap1_hprc_r2_v1.0.1.merged	fastga-no-diff	100	edit	3285335	377983545	14072590
hprcv2-25k	NA19338_hap2_hprc_r2_v1.0.1.merged	fastga-no-diff	100	edit	2282996	252393600	9110847
hprcv2-25k	NA19391_hap1_hprc_r2_v1.0.1.merged	fastga-no-diff	100	edit	3058564	332272643	12801006
hprcv2-25k	NA19391_hap2_hprc_r2_v1.0.1.merged	fastga-no-diff	100	edit	2735064	302251913	11217376
hprcv2-25k	NA19443_hap1_hprc_r2_v1.0.1.merged	fastga-no-diff	100	edit	2991320	311146676	12353282
hprcv2-25k	NA19443_hap2_hprc_r2_v1.0.1.merged	fastga-no-diff	100	edit	2982646	308878605	12294606
hprcv2-25k	NA19468_hap1_hprc_r2_v1.0.1.merged	fastga-no-diff	100	edit	2712892	291400901	11032356
hprcv2-25k	NA19468_hap2_hprc_r2_v1.0.1.merged	fastga-no-diff	100	edit	2456268	265784031	9800646
hprcv2-25k	NA19682_hap1_hprc_r2_v1.0.1.merged	fastga-no-diff	100	edit	2460947	270092310	9836214
hprcv2-25k	NA19682_hap2_hprc_r2_v1.0.1.merged	fastga-no-diff	100	edit	2685681	304164989	11028912
hprcv2-25k	NA19700_hap1_hprc_r2_v1.0.1.merged	fastga-no-diff	100	edit	3005508	323118946	12510760
hprcv2-25k	NA19700_hap2_hprc_r2_v1.0.1.merged	fastga-no-diff	100	edit	3336044	348740417	14101478
hprcv2-25k	NA19776_hap1_hprc_r2_v1.0.1.merged	fastga-no-diff	100	edit	2654084	316139972	10991762
hprcv2-25k	NA19776_hap2_hprc_r2_v1.0.1.merged	fastga-no-diff	100	edit	3143486	357115985	13346555
hprcv2-25k	NA19835_hap1_hprc_r2_v1.0.1.merged	fastga-no-diff	100	edit	2758521	296355797	11262535
hprcv2-25k	NA19835_hap2_hprc_r2_v1.0.1.merged	fastga-no-diff	100	edit	2841893	308096014	11708547
hprcv2-25k	NA19909_hap1_hprc_r2_v1.0.1.merged	fastga-no-diff	100	edit	2304544	256805372	9195579
hprcv2-25k	NA19909_hap2_hprc_r2_v1.0.1.merged	fastga-no-diff	100	edit	2696692	299515293	11065024
hprcv2-25k	NA20129_mat_hprc_r2_v1.0.1.merged	fastga-no-diff	100	edit	2809634	319385510	11652520
hprcv2-25k	NA20129_pat_hprc_r2_v1.0.1.merged	fastga-no-diff	100	edit	3364468	367064306	14359538
hprcv2-25k	NA20282_hap1_hprc_r2_v1.0.1.merged	fastga-no-diff	100	edit	2907695	326464739	12131572
hprcv2-25k	NA20282_hap2_hprc_r2_v1.0.1.merged	fastga-no-diff	100	edit	2471178	273796693	9905831
hprcv2-25k	NA20346_hap1_hprc_r2_v1.0.1.merged	fastga-no-diff	100	edit	2895226	306559395	11915738
hprcv2-25k	NA20346_hap2_hprc_r2_v1.0.1.merged	fastga-no-diff	100	edit	2399988	277043548	9657318
hprcv2-25k	NA20503_hap1_hprc_r2_v1.0.1.merged	fastga-no-diff	100	edit	2751174	315743689	11393853
hprcv2-25k	NA20503_hap2_hprc_r2_v1.0.1.merged	fastga-no-diff	100	edit	2904893	325714549	12106734
hprcv2-25k	NA20752_hap1_hprc_r2_v1.0.1.merged	fastga-no-diff	100	edit	2787424	301302354	11432436
hprcv2-25k	NA20752_hap2_hprc_r2_v1.0.1.merged	fastga-no-diff	100	edit	3256182	369881479	13888843
hprcv2-25k	NA20762_hap1_hprc_r2_v1.0.1.merged	fastga-no-diff	100	edit	2720186	295219411	11092553
hprcv2-25k	NA20762_hap2_hprc_r2_v1.0.1.merged	fastga-no-diff	100	edit	2544865	292541689	10367043
hprcv2-25k	NA20799_hap1_hprc_r2_v1.0.1.merged	fastga-no-diff	100	edit	2626706	290529658	10672602
hprcv2-25k	NA20799_hap2_hprc_r2_v1.0.1.merged	fastga-no-diff	100	edit	2732391	306085121	11242521
hprcv2-25k	NA20805_hap1_hprc_r2_v1.0.1.merged	fastga-no-diff	100	edit	2358580	262207227	9415982
hprcv2-25k	NA20805_hap2_hprc_r2_v1.0.1.merged	fastga-no-diff	100	edit	3267644	374385248	13955079
hprcv2-25k	NA20806_hap1_hprc_r2_v1.0.1.merged	fastga-no-diff	100	edit	3182810	335040355	13342476
hprcv2-25k	NA20806_hap2_hprc_r2_v1.0.1.merged	fastga-no-diff	100	edit	2134880	249364476	8518804
hprcv2-25k	NA20809_hap1_hprc_r2_v1.0.1.merged	fastga-no-diff	100	edit	2604979	287577842	10577952
hprcv2-25k	NA20809_hap2_hprc_r2_v1.0.1.merged	fastga-no-diff	100	edit	2719873	289933879	11050214
hprcv2-25k	NA20827_hap1_hprc_r2_v1.0.1.merged	fastga-no-diff	100	edit	2832061	310810843	11686846
hprcv2-25k	NA20827_hap2_hprc_r2_v1.0.1.merged	fastga-no-diff	100	edit	2701221	299147535	11060633
hprcv2-25k	NA20850_hap1_hprc_r2_v1.0.1.merged	fastga-no-diff	100	edit	2375195	258930804	9481202
hprcv2-25k	NA20850_hap2_hprc_r2_v1.0.1.merged	fastga-no-diff	100	edit	2360728	270680432	9439148
hprcv2-25k	NA20870_hap1_hprc_r2_v1.0.1.merged	fastga-no-diff	100	edit	2825267	322251308	11765611
hprcv2-25k	NA20870_hap2_hprc_r2_v1.0.1.merged	fastga-no-diff	100	edit	2676098	304886901	11002813
hprcv2-25k	NA20905_hap1_hprc_r2_v1.0.1.merged	fastga-no-diff	100	edit	2487561	278580137	10017963
hprcv2-25k	NA20905_hap2_hprc_r2_v1.0.1.merged	fastga-no-diff	100	edit	3805896	416884961	16557776
hprcv2-25k	NA21093_hap1_hprc_r2_v1.0.1.merged	fastga-no-diff	100	edit	3209249	355106482	13569186
hprcv2-25k	NA21093_hap2_hprc_r2_v1.0.1.merged	fastga-no-diff	100	edit	2941687	324882971	12255465
hprcv2-25k	NA21102_hap1_hprc_r2_v1.0.1.merged	fastga-no-diff	100	edit	2583589	297067693	10561217
hprcv2-25k	NA21102_hap2_hprc_r2_v1.0.1.merged	fastga-no-diff	100	edit	2792309	320611657	11598704
hprcv2-25k	NA21106_hap1_hprc_r2_v1.0.1.merged	fastga-no-diff	100	edit	3502003	394407643	15078212
hprcv2-25k	NA21106_hap2_hprc_r2_v1.0.1.merged	fastga-no-diff	100	edit	3315444	367617932	14116898
hprcv2-25k	NA21110_hap1_hprc_r2_v1.0.1.merged	fastga-no-diff	100	edit	3020546	333117992	12635337
hprcv2-25k	NA21110_hap2_hprc_r2_v1.0.1.merged	fastga-no-diff	100	edit	2480484	289822240	10088878
hprcv2-25k	NA21144_hap1_hprc_r2_v1.0.1.merged	fastga-no-diff	100	edit	2913047	336275546	12225162
hprcv2-25k	NA21144_hap2_hprc_r2_v1.0.1.merged	fastga-no-diff	100	edit	3137774	357572481	13314440
hprcv2-25k	NA21309_mat_hprc_r2_v1.0.1.merged	fastga-no-diff	100	edit	2466829	266011224	9843264
hprcv2-25k	NA21309_pat_hprc_r2_v1.0.1.merged	fastga-no-diff	100	edit	3029572	331270912	12650713
hprcv2-25k	chm13v2.0_maskedY_rCRS.fa.PanSN.merged	fastga-no-diff	100	edit	23669564	2736965197	116131162
hprcv2-25k	hg002v1.1.mat_MT.PanSN.merged	fastga-no-diff	100	edit	2567573	296519970	10492172
hprcv2-25k	hg002v1.1.pat.PanSN.merged	fastga-no-diff	100	edit	2430850	265323780	9704348
t2t-ape-pangenome	chm13#1.p70.aln	fastga	100	edit	1929351	326113802	8258683
t2t-ape-pangenome	grch38#1.p70.aln	fastga	100	edit	1827795	309959266	7701997
t2t-ape-pangenome	hg002#M.p70.aln	fastga	100	edit	2394835	364992912	10466687
t2t-ape-pangenome	hg002#P.p70.aln	fastga	100	edit	2403338	359557278	10462980
t2t-ape-pangenome	mGorGor1#M.p70.aln	fastga	100	edit	2235547	357740525	9708950
t2t-ape-pangenome	mGorGor1#P.p70.aln	fastga	100	edit	2204706	349743777	9532731
t2t-ape-pangenome	mPanPan1#M.p70.aln	fastga	100	edit	2091019	339764832	8998100
t2t-ape-pangenome	mPanPan1#P.p70.aln	fastga	100	edit	2082447	334089557	8923025
t2t-ape-pangenome	mPanTro3#1.p70.aln	fastga	100	edit	2072696	338851012	8913482
t2t-ape-pangenome	mPanTro3#2.p70.aln	fastga	100	edit	2062992	333954472	8843353
t2t-ape-pangenome	mPonAbe1#1.p70.aln	fastga	100	edit	2523456	369137734	10821136
t2t-ape-pangenome	mPonAbe1#2.p70.aln	fastga	100	edit	2465111	360852233	10549248
t2t-ape-pangenome	mPonPyg2#1.p70.aln	fastga	100	edit	2525859	369570031	10817642
t2t-ape-pangenome	mPonPyg2#2.p70.aln	fastga	100	edit	2464768	360830519	10528953
t2t-ape-pangenome	mSymSyn1#1.p70.aln	fastga	100	edit	4364772	438868309	19077675
t2t-ape-pangenome	mSymSyn1#2.p70.aln	fastga	100	edit	4273049	429367043	18615837
t2t-ape-pangenome	chm13#1.p70.aln	fastga-no-diff	100	edit	1929351	153283177	7709045
t2t-ape-pangenome	grch38#1.p70.aln	fastga-no-diff	100	edit	1827795	145888086	7302119
t2t-ape-pangenome	hg002#M.p70.aln	fastga-no-diff	100	edit	2394835	175070190	9561409
t2t-ape-pangenome	hg002#P.p70.aln	fastga-no-diff	100	edit	2403338	173059136	9591145
t2t-ape-pangenome	mGorGor1#M.p70.aln	fastga-no-diff	100	edit	2235547	170575966	8919534
t2t-ape-pangenome	mGorGor1#P.p70.aln	fastga-no-diff	100	edit	2204706	167160905	8796033
t2t-ape-pangenome	mPanPan1#M.p70.aln	fastga-no-diff	100	edit	2091019	160895482	8342625
t2t-ape-pangenome	mPanPan1#P.p70.aln	fastga-no-diff	100	edit	2082447	158670082	8308059
t2t-ape-pangenome	mPanTro3#1.p70.aln	fastga-no-diff	100	edit	2072696	160029189	8268633
t2t-ape-pangenome	mPanTro3#2.p70.aln	fastga-no-diff	100	edit	2062992	158006343	8229914
t2t-ape-pangenome	mPonAbe1#1.p70.aln	fastga-no-diff	100	edit	2523456	180155011	10064400
t2t-ape-pangenome	mPonAbe1#2.p70.aln	fastga-no-diff	100	edit	2465111	176064021	9830744
t2t-ape-pangenome	mPonPyg2#1.p70.aln	fastga-no-diff	100	edit	2525859	180336284	10073810
t2t-ape-pangenome	mPonPyg2#2.p70.aln	fastga-no-diff	100	edit	2464768	176077424	9829381
t2t-ape-pangenome	mSymSyn1#1.p70.aln	fastga-no-diff	100	edit	4364772	244099130	17420868
t2t-ape-pangenome	mSymSyn1#2.p70.aln	fastga-no-diff	100	edit	4273049	238903610	17053961
