file	num_alignments	total_length_GB	len_min	len_avg	len_std	len_max	num_identities	id_min	id_avg	id_std	id_max
chm13v2.0_maskedY_rCRS.fa.PanSN.merged.paf	7149766	1430.499	1760	200076.34	672166.30	20998025	7149766	0.814583	0.986279	0.016465	1.000000
GCA_000001405.15_GRCh38_no_alt_analysis_set.PanSN.merged.paf	8916633	1396.959	1632	156668.89	487240.79	18256125	8916633	0.790134	0.969699	0.039839	1.000000
HG00097_hap1_hprc_r2_v1.0.1.merged.paf	810363	162.523	2019	200556.09	667428.73	19077558	810363	0.819860	0.983538	0.021573	1.000000
HG00097_hap2_hprc_r2_v1.0.1.merged.paf	764473	162.739	2148	212877.91	689335.59	23315523	764473	0.796492	0.982263	0.022490	1.000000
HG00099_hap1_hprc_r2_v1.0.1.merged.paf	593427	126.162	2013	212599.44	699137.52	18260802	593427	0.792998	0.983881	0.021208	1.000000
HG00099_hap2_hprc_r2_v1.0.1.merged.paf	711009	147.013	2234	206766.09	679106.35	18495365	711009	0.822311	0.983410	0.021675	1.000000
HG00126_hap1_hprc_r2_v1.0.1.merged.paf	746956	145.597	2097	194920.29	649683.50	18426250	746956	0.837706	0.985884	0.017135	1.000000
HG00126_hap2_hprc_r2_v1.0.1.merged.paf	961557	190.459	1541	198073.87	666086.82	21375677	961557	0.815179	0.982655	0.022254	1.000000
HG00128_hap1_hprc_r2_v1.0.1.merged.paf	725934	150.009	2156	206643.26	693578.04	19985869	725934	0.817352	0.983923	0.021450	1.000000
HG00128_hap2_hprc_r2_v1.0.1.merged.paf	743174	147.607	1954	198617.45	674027.04	16618879	743174	0.816706	0.982848	0.022704	1.000000
HG00133_hap1_hprc_r2_v1.0.1.merged.paf	689133	141.367	1980	205136.74	684497.79	17362395	689133	0.819510	0.982780	0.023158	1.000000
HG00133_hap2_hprc_r2_v1.0.1.merged.paf	879267	168.727	1853	191894.73	652833.94	19455357	879267	0.820428	0.982955	0.022625	1.000000
HG00140_hap1_hprc_r2_v1.0.1.merged.paf	797147	157.022	881	196979.57	670514.00	16210974	797147	0.823852	0.984180	0.021105	1.000000
HG00140_hap2_hprc_r2_v1.0.1.merged.paf	963629	190.049	1853	197221.70	660641.68	19072347	963629	0.814600	0.983243	0.022428	1.000000
HG00146_hap1_hprc_r2_v1.0.1.merged.paf	835202	170.892	2209	204611.09	669974.06	25661898	835202	0.807884	0.982413	0.023753	1.000000
HG00146_hap2_hprc_r2_v1.0.1.merged.paf	815443	159.906	2123	196096.91	673766.19	16907000	815443	0.825323	0.984492	0.020572	1.000000
HG00232_hap1_hprc_r2_v1.0.1.merged.paf	732349	152.496	1949	208228.03	688059.78	18942687	732349	0.809404	0.983219	0.022658	1.000000
HG00232_hap2_hprc_r2_v1.0.1.merged.paf	966544	197.956	1907	204807.62	671655.13	17970293	966544	0.817575	0.982190	0.024226	1.000000
HG00235_hap1_hprc_r2_v1.0.1.merged.paf	863252	159.621	2067	184906.75	649658.77	19746012	863252	0.805078	0.981676	0.024705	1.000000
HG00235_hap2_hprc_r2_v1.0.1.merged.paf	593274	122.567	2074	206593.97	671685.78	14882049	593274	0.812359	0.983298	0.021019	1.000000
HG00253_hap1_hprc_r2_v1.0.1.merged.paf	878013	174.356	2280	198579.65	654678.74	17624629	878013	0.816912	0.982492	0.023427	1.000000
HG00253_hap2_hprc_r2_v1.0.1.merged.paf	687031	150.240	2281	218680.34	700998.56	19162808	687031	0.820379	0.983226	0.021783	1.000000
HG00272_hap1_hprc_r2_v1.0.1.merged.paf	1152010	223.540	1754	194043.02	673617.59	18515100	1152010	0.816802	0.983651	0.021786	1.000000
HG00272_hap2_hprc_r2_v1.0.1.merged.paf	785824	162.931	1853	207337.86	674446.02	18411502	785824	0.820731	0.984025	0.021117	1.000000
HG00280_hap1_hprc_r2_v1.0.1.merged.paf	960857	174.880	1949	182004.54	639259.31	17535642	960857	0.818398	0.984414	0.021426	1.000000
HG00280_hap2_hprc_r2_v1.0.1.merged.paf	693638	140.894	2067	203122.71	683975.50	19372949	693638	0.820237	0.982090	0.024054	1.000000
HG00290_hap1_hprc_r2_v1.0.1.merged.paf	666527	130.165	2224	195288.51	660118.88	17999427	666527	0.817397	0.985347	0.018407	1.000000
HG00290_hap2_hprc_r2_v1.0.1.merged.paf	725377	147.139	1534	202845.17	670092.16	15449543	725377	0.823494	0.982838	0.022657	1.000000
hg002v1.1.mat_MT.PanSN.merged.paf	767068	156.413	2021	203909.92	692608.92	17030528	767068	0.805604	0.983914	0.021072	1.000000
hg002v1.1.pat.PanSN.merged.paf	705249	136.577	2224	193658.07	658727.47	15708300	705249	0.827650	0.985071	0.018170	1.000000
HG00320_hap1_hprc_r2_v1.0.1.merged.paf	747119	159.594	2148	213612.11	695549.57	19110563	747119	0.816336	0.982429	0.023657	1.000000
HG00320_hap2_hprc_r2_v1.0.1.merged.paf	821197	171.180	1853	208451.81	686029.18	17352222	821197	0.815917	0.982960	0.023056	1.000000
HG00321_hap1_hprc_r2_v1.0.1.merged.paf	758983	142.672	2223	187977.21	659883.92	18495000	758983	0.824533	0.984996	0.019844	1.000000
HG00321_hap2_hprc_r2_v1.0.1.merged.paf	792542	163.341	2074	206098.09	683599.29	19417807	792542	0.815438	0.984218	0.020141	1.000000
HG00323_hap1_hprc_r2_v1.0.1.merged.paf	761217	154.157	1853	202513.48	678615.01	19769244	761217	0.820193	0.984426	0.019375	1.000000
HG00323_hap2_hprc_r2_v1.0.1.merged.paf	933794	189.656	1950	203102.34	674992.02	19298838	933794	0.818544	0.982668	0.022817	1.000000
HG00329_hap1_hprc_r2_v1.0.1.merged.paf	854262	160.608	1907	188008.11	644573.01	18855710	854262	0.808228	0.984387	0.020741	1.000000
HG00329_hap2_hprc_r2_v1.0.1.merged.paf	777354	161.923	1852	208300.21	688277.39	16700077	777354	0.818634	0.982052	0.024431	1.000000
HG00344_hap1_hprc_r2_v1.0.1.merged.paf	806744	162.436	1713	201347.26	667010.89	16331618	806744	0.818986	0.982031	0.023667	1.000000
HG00344_hap2_hprc_r2_v1.0.1.merged.paf	860137	165.223	1760	192088.99	657786.73	16954411	860137	0.820926	0.982423	0.023267	1.000000
HG00350_hap1_hprc_r2_v1.0.1.merged.paf	802753	156.273	2232	194670.79	663387.95	16681000	802753	0.820347	0.983189	0.023139	1.000000
HG00350_hap2_hprc_r2_v1.0.1.merged.paf	897446	180.803	2152	201464.03	669771.87	17422625	897446	0.821801	0.982914	0.022411	1.000000
HG00408_mat_hprc_r2_v1.0.1.merged.paf	656455	131.687	2100	200603.46	670204.32	19620533	656455	0.819685	0.982304	0.024067	1.000000
HG00408_pat_hprc_r2_v1.0.1.merged.paf	774894	168.451	1973	217385.29	700880.89	17022829	774894	0.820000	0.983086	0.023422	1.000000
HG00423_mat_hprc_r2_v1.0.1.merged.paf	744421	159.816	1907	214685.52	702845.21	15898068	744421	0.821871	0.984398	0.020647	1.000000
HG00423_pat_hprc_r2_v1.0.1.merged.paf	812489	168.693	1907	207625.45	692331.61	17465088	812489	0.818887	0.983147	0.022242	1.000000
HG00438_mat_hprc_r2_v1.0.1.merged.paf	755243	153.560	1852	203324.77	676003.90	18494132	755243	0.808085	0.981988	0.023408	1.000000
HG00438_pat_hprc_r2_v1.0.1.merged.paf	950677	181.416	1981	190828.61	651086.87	18729584	950677	0.816421	0.983582	0.021621	1.000000
HG00544_mat_hprc_r2_v1.0.1.merged.paf	733220	146.979	1853	200456.97	675544.55	19708073	733220	0.822352	0.982611	0.023103	1.000000
HG00544_pat_hprc_r2_v1.0.1.merged.paf	886179	171.365	2167	193375.05	658589.24	16511000	886179	0.821467	0.982702	0.022527	1.000000
HG00558_mat_hprc_r2_v1.0.1.merged.paf	799248	161.990	1760	202677.48	697553.39	23233960	799248	0.814343	0.983759	0.021595	1.000000
HG00558_pat_hprc_r2_v1.0.1.merged.paf	809211	181.412	2157	224184.33	716894.70	18034231	809211	0.815803	0.983435	0.022854	1.000000
HG00597_mat_hprc_r2_v1.0.1.merged.paf	927053	193.169	1853	208368.74	702185.95	18906420	927053	0.820047	0.983116	0.023114	1.000000
HG00597_pat_hprc_r2_v1.0.1.merged.paf	703088	147.347	1949	209571.42	708729.91	17499338	703088	0.817631	0.982494	0.023084	1.000000
HG005_mat_hprc_r2_v1.0.1.merged.paf	775259	159.260	2214	205427.99	675273.91	21363660	775259	0.816418	0.982791	0.022573	1.000000
HG005_pat_hprc_r2_v1.0.1.merged.paf	834488	160.294	2003	192086.76	676391.97	20812368	834488	0.823310	0.983191	0.022864	1.000000
HG00609_mat_hprc_r2_v1.0.1.merged.paf	952388	199.870	1981	209862.21	687109.17	18302596	952388	0.818046	0.983553	0.021701	1.000000
HG00609_pat_hprc_r2_v1.0.1.merged.paf	867944	168.979	1852	194688.26	668853.04	18671294	867944	0.807180	0.984650	0.018255	1.000000
HG00621_mat_hprc_r2_v1.0.1.merged.paf	681670	138.362	1853	202975.30	693687.45	19275388	681670	0.817652	0.983593	0.022577	1.000000
HG00621_pat_hprc_r2_v1.0.1.merged.paf	725204	141.979	2223	195777.39	663073.91	23777757	725204	0.807935	0.984845	0.017794	1.000000
HG00639_mat_hprc_r2_v1.0.1.merged.paf	971246	192.123	1853	197810.47	650736.82	21525788	971246	0.796858	0.982294	0.023715	1.000000
HG00639_pat_hprc_r2_v1.0.1.merged.paf	949144	177.370	2097	186873.21	640801.19	18338410	949144	0.813376	0.983289	0.021574	1.000000
HG00642_mat_hprc_r2_v1.0.1.merged.paf	747621	150.276	2057	201005.60	663264.33	17283067	747621	0.796613	0.983173	0.022162	1.000000
HG00642_pat_hprc_r2_v1.0.1.merged.paf	913840	172.306	2012	188551.69	649652.58	18427262	913840	0.811655	0.984461	0.018645	1.000000
HG00658_mat_hprc_r2_v1.0.1.merged.paf	850255	171.582	1980	201800.25	686862.74	19727599	850255	0.799472	0.983239	0.022667	1.000000
HG00658_pat_hprc_r2_v1.0.1.merged.paf	929969	169.359	1896	182112.65	636641.93	21619954	929969	0.819560	0.984653	0.020390	1.000000
HG00673_mat_hprc_r2_v1.0.1.merged.paf	730005	156.805	1853	214800.09	696156.86	20180511	730005	0.820513	0.983528	0.021750	1.000000
HG00673_pat_hprc_r2_v1.0.1.merged.paf	771522	151.080	1303	195820.93	666317.11	21944938	771522	0.807935	0.983230	0.022737	1.000000
HG00706_mat_hprc_r2_v1.0.1.merged.paf	701219	149.908	2100	213781.51	714750.75	22488650	701219	0.816963	0.983334	0.022538	1.000000
HG00706_pat_hprc_r2_v1.0.1.merged.paf	755916	148.233	2223	196097.58	674682.90	17312401	755916	0.824439	0.984009	0.020279	1.000000
HG00733_mat_hprc_r2_v1.0.1.merged.paf	1028032	211.964	1853	206183.78	687501.86	21839338	1028032	0.818047	0.983452	0.021570	1.000000
HG00733_pat_hprc_r2_v1.0.1.merged.paf	971156	186.503	2171	192041.95	658290.63	24745823	971156	0.816245	0.982557	0.023114	1.000000
HG00735_mat_hprc_r2_v1.0.1.merged.paf	749293	154.229	1853	205832.68	672745.89	22468148	749293	0.819640	0.984371	0.019940	1.000000
HG00735_pat_hprc_r2_v1.0.1.merged.paf	834729	146.877	2067	175957.32	629757.12	21079380	834729	0.810125	0.983710	0.021338	1.000000
HG00738_mat_hprc_r2_v1.0.1.merged.paf	819271	162.390	1527	198212.27	665067.50	17058587	819271	0.822263	0.982390	0.023672	1.000000
HG00738_pat_hprc_r2_v1.0.1.merged.paf	907022	177.469	2138	195661.47	660848.11	16141076	907022	0.819701	0.984722	0.018058	1.000000
HG00741_mat_hprc_r2_v1.0.1.merged.paf	757734	159.373	1949	210328.09	682259.71	17545124	757734	0.817422	0.983795	0.021261	1.000000
HG00741_pat_hprc_r2_v1.0.1.merged.paf	646996	132.038	2171	204078.70	678259.43	19397120	646996	0.819036	0.983517	0.021224	1.000000
HG01071_mat_hprc_r2_v1.0.1.merged.paf	721778	143.365	1893	198627.75	655405.54	30029491	721778	0.814004	0.982544	0.023261	1.000000
HG01071_pat_hprc_r2_v1.0.1.merged.paf	783555	153.159	2100	195466.88	655838.41	17522986	783555	0.820235	0.983115	0.023287	1.000000
HG01074_mat_hprc_r2_v1.0.1.merged.paf	932147	193.274	1853	207342.52	691100.44	17570341	932147	0.816436	0.984413	0.020137	1.000000
HG01074_pat_hprc_r2_v1.0.1.merged.paf	731671	147.911	1907	202154.44	675114.40	17426596	731671	0.796095	0.984904	0.019325	1.000000
HG01081_mat_hprc_r2_v1.0.1.merged.paf	723597	141.049	2448	194927.33	650746.34	17360762	723597	0.817336	0.983906	0.021262	1.000000
HG01081_pat_hprc_r2_v1.0.1.merged.paf	827854	162.518	2414	196312.48	657122.82	20009282	827854	0.817399	0.983728	0.021941	1.000000
HG01099_mat_hprc_r2_v1.0.1.merged.paf	918808	177.217	2252	192876.83	656201.52	21352844	918808	0.817953	0.983456	0.021230	1.000000
HG01099_pat_hprc_r2_v1.0.1.merged.paf	1083639	189.941	1853	175280.68	626939.64	17106445	1083639	0.812261	0.984829	0.020603	1.000000
HG01106_mat_hprc_r2_v1.0.1.merged.paf	848442	165.425	2249	194975.40	655496.96	17929042	848442	0.816566	0.984256	0.020993	1.000000
HG01106_pat_hprc_r2_v1.0.1.merged.paf	832997	148.602	1963	178393.99	624257.35	17697837	832997	0.814770	0.984697	0.019547	1.000000
HG01109_mat_hprc_r2_v1.0.1.merged.paf	749825	150.483	2397	200690.81	637225.10	16585397	749825	0.822293	0.982801	0.022473	1.000000
HG01109_pat_hprc_r2_v1.0.1.merged.paf	658459	118.558	1981	180053.59	615430.80	16159923	658459	0.824201	0.984095	0.020439	1.000000
HG01123_mat_hprc_r2_v1.0.1.merged.paf	670305	140.906	2171	210211.72	687803.90	17742432	670305	0.817490	0.983362	0.021616	1.000000
HG01123_pat_hprc_r2_v1.0.1.merged.paf	823465	168.938	1853	205154.49	678014.01	19957625	823465	0.820878	0.982879	0.022361	1.000000
HG01150_mat_hprc_r2_v1.0.1.merged.paf	948846	190.145	2067	200395.65	664269.42	19232911	948846	0.811818	0.983446	0.022249	1.000000
HG01150_pat_hprc_r2_v1.0.1.merged.paf	697429	140.196	2009	201018.69	665852.12	29426625	697429	0.819005	0.981660	0.024106	1.000000
HG01167_hap1_hprc_r2_v1.0.1.merged.paf	1081589	196.188	2028	181388.70	630152.99	22128173	1081589	0.826404	0.984905	0.019914	1.000000
HG01167_hap2_hprc_r2_v1.0.1.merged.paf	626467	131.723	2067	210262.55	673908.39	19671000	626467	0.811820	0.981764	0.024143	1.000000
HG01175_mat_hprc_r2_v1.0.1.merged.paf	798115	152.972	1981	191666.84	668861.17	16958691	798115	0.820067	0.983155	0.023088	1.000000
HG01175_pat_hprc_r2_v1.0.1.merged.paf	847916	177.218	1943	209004.60	683928.05	22704937	847916	0.822232	0.982724	0.022734	1.000000
HG01192_mat_hprc_r2_v1.0.1.merged.paf	923400	178.309	2251	193100.62	665397.53	17023183	923400	0.817123	0.984267	0.020222	1.000000
HG01192_pat_hprc_r2_v1.0.1.merged.paf	726629	136.578	1853	187960.88	644780.57	18172327	726629	0.811926	0.984541	0.018856	1.000000
HG01243_mat_hprc_r2_v1.0.1.merged.paf	829563	168.820	2123	203504.95	634188.80	18272143	829563	0.826996	0.983087	0.022222	1.000000
HG01243_pat_hprc_r2_v1.0.1.merged.paf	1007973	183.873	1897	182418.74	604770.71	18897252	1007973	0.819444	0.983860	0.021471	1.000000
HG01252_mat_hprc_r2_v1.0.1.merged.paf	677941	135.162	2226	199371.47	674270.79	16737608	677941	0.824629	0.984403	0.019818	1.000000
HG01252_pat_hprc_r2_v1.0.1.merged.paf	754610	148.337	2018	196575.04	659167.46	17739866	754610	0.819681	0.985145	0.018094	1.000000
HG01255_mat_hprc_r2_v1.0.1.merged.paf	701856	143.535	2252	204507.79	664696.79	18490034	701856	0.821668	0.982774	0.023396	1.000000
HG01255_pat_hprc_r2_v1.0.1.merged.paf	871606	156.901	2042	180013.88	632096.59	27740440	871606	0.819565	0.984405	0.019937	1.000000
HG01258_mat_hprc_r2_v1.0.1.merged.paf	725426	150.403	2209	207330.43	681820.04	18913000	725426	0.821353	0.983755	0.021175	1.000000
HG01258_pat_hprc_r2_v1.0.1.merged.paf	754547	142.349	1976	188654.63	647818.72	17614343	754547	0.827083	0.984195	0.020925	1.000000
HG01261_mat_hprc_r2_v1.0.1.merged.paf	735142	150.420	1976	204612.89	671013.50	18649173	735142	0.822500	0.984537	0.020836	1.000000
HG01261_pat_hprc_r2_v1.0.1.merged.paf	550678	103.844	1536	188574.11	645333.59	25259092	550678	0.822236	0.984471	0.020203	1.000000
HG01346_mat_hprc_r2_v1.0.1.merged.paf	865036	178.335	1820	206159.45	684843.88	18837459	865036	0.810378	0.984000	0.021181	1.000000
HG01346_pat_hprc_r2_v1.0.1.merged.paf	612048	113.738	2168	185832.25	656238.99	18287055	612048	0.807935	0.984095	0.020449	1.000000
HG01358_mat_hprc_r2_v1.0.1.merged.paf	944812	196.329	1743	207796.62	688115.59	21295516	944812	0.815010	0.983213	0.021807	1.000000
HG01358_pat_hprc_r2_v1.0.1.merged.paf	808494	159.653	1627	197469.31	664283.06	17130928	808494	0.821641	0.984363	0.020625	1.000000
HG01361_mat_hprc_r2_v1.0.1.merged.paf	842587	168.476	2138	199951.00	677135.19	19610000	842587	0.813082	0.983104	0.022917	1.000000
HG01361_pat_hprc_r2_v1.0.1.merged.paf	788503	159.683	1853	202514.21	671567.17	20081879	788503	0.811818	0.983110	0.022302	1.000000
HG01433_mat_hprc_r2_v1.0.1.merged.paf	745991	155.545	2313	208508.49	682380.26	17572701	745991	0.818105	0.982903	0.023271	1.000000
HG01433_pat_hprc_r2_v1.0.1.merged.paf	721603	141.951	2171	196716.75	654357.48	20973390	721603	0.814853	0.983344	0.021866	1.000000
HG01496_mat_hprc_r2_v1.0.1.merged.paf	663069	143.553	1853	216498.02	682331.17	17869920	663069	0.816193	0.981913	0.023739	1.000000
HG01496_pat_hprc_r2_v1.0.1.merged.paf	748908	158.735	1853	211955.68	703528.79	18131000	748908	0.819993	0.983520	0.022478	1.000000
HG01530_hap1_hprc_r2_v1.0.1.merged.paf	746147	145.137	2148	194514.80	658826.34	20972619	746147	0.812957	0.984725	0.018968	1.000000
HG01530_hap2_hprc_r2_v1.0.1.merged.paf	815272	168.528	1907	206713.80	686218.23	17673377	815272	0.817024	0.982332	0.023174	1.000000
HG01784_hap1_hprc_r2_v1.0.1.merged.paf	912519	184.137	1980	201790.16	665748.71	15576962	912519	0.814754	0.984121	0.021204	1.000000
HG01784_hap2_hprc_r2_v1.0.1.merged.paf	691887	134.840	1760	194887.98	659910.50	17492303	691887	0.794685	0.982856	0.022608	1.000000
HG01786_hap1_hprc_r2_v1.0.1.merged.paf	749743	153.909	2281	205282.42	675229.81	29368077	749743	0.796601	0.983638	0.021441	1.000000
HG01786_hap2_hprc_r2_v1.0.1.merged.paf	910287	165.384	2021	181683.32	638468.57	15093710	910287	0.813130	0.983862	0.021519	1.000000
HG01884_mat_hprc_r2_v1.0.1.merged.paf	605606	126.192	1760	208373.59	629535.07	16411380	605606	0.823722	0.982658	0.021742	1.000000
HG01884_pat_hprc_r2_v1.0.1.merged.paf	681599	131.780	2124	193339.52	605994.62	14258000	681599	0.818150	0.983314	0.021494	1.000000
HG01891_mat_hprc_r2_v1.0.1.merged.paf	827274	155.667	2067	188168.99	594584.97	15039149	827274	0.817882	0.980151	0.026141	1.000000
HG01891_pat_hprc_r2_v1.0.1.merged.paf	791400	146.704	2150	185372.81	588717.29	16519711	791400	0.820479	0.982800	0.021939	1.000000
HG01928_mat_hprc_r2_v1.0.1.merged.paf	844763	165.688	1853	196135.27	664245.88	21379346	844763	0.819155	0.983710	0.022078	1.000000
HG01928_pat_hprc_r2_v1.0.1.merged.paf	773088	145.683	1853	188442.69	655528.01	17563029	773088	0.816001	0.983349	0.022889	1.000000
HG01934_mat_hprc_r2_v1.0.1.merged.paf	745917	145.204	1907	194665.72	664276.22	23519172	745917	0.824012	0.984426	0.019269	1.000000
HG01934_pat_hprc_r2_v1.0.1.merged.paf	1191491	219.629	2080	184330.97	645392.79	19768571	1191491	0.821674	0.984781	0.020756	1.000000
HG01940_mat_hprc_r2_v1.0.1.merged.paf	589690	122.223	2013	207265.85	683507.11	19426994	589690	0.817741	0.982392	0.023799	1.000000
HG01940_pat_hprc_r2_v1.0.1.merged.paf	788362	160.061	1853	203030.34	680244.98	19537517	788362	0.807824	0.983200	0.021785	1.000000
HG01943_mat_hprc_r2_v1.0.1.merged.paf	761987	150.313	2252	197263.95	673642.79	22154468	761987	0.817968	0.983656	0.022002	1.000000
HG01943_pat_hprc_r2_v1.0.1.merged.paf	641562	121.759	1853	189784.52	673768.77	23069991	641562	0.818916	0.984224	0.021591	1.000000
HG01952_mat_hprc_r2_v1.0.1.merged.paf	821055	159.149	2251	193834.45	672240.09	17785660	821055	0.811665	0.982831	0.022693	1.000000
HG01952_pat_hprc_r2_v1.0.1.merged.paf	701817	136.495	1976	194488.48	652143.19	19803169	701817	0.815797	0.983736	0.021431	1.000000
HG01960_mat_hprc_r2_v1.0.1.merged.paf	984930	184.030	1976	186846.10	606495.06	17997219	984930	0.817678	0.982791	0.021172	1.000000
HG01960_pat_hprc_r2_v1.0.1.merged.paf	823940	159.499	1493	193580.34	628428.31	19914266	823940	0.819856	0.982704	0.022145	1.000000
HG01969_mat_hprc_r2_v1.0.1.merged.paf	808510	162.736	2209	201279.00	692739.71	19091022	808510	0.825614	0.983134	0.022096	1.000000
HG01969_pat_hprc_r2_v1.0.1.merged.paf	855265	178.403	1761	208593.75	697781.95	21721308	855265	0.816582	0.981182	0.024169	1.000000
HG01975_mat_hprc_r2_v1.0.1.merged.paf	801178	162.255	2281	202520.56	684693.73	18471728	801178	0.812996	0.982901	0.023580	1.000000
HG01975_pat_hprc_r2_v1.0.1.merged.paf	1034616	207.546	1760	200601.69	666374.64	17413144	1034616	0.817336	0.980707	0.024873	1.000000
HG01978_mat_hprc_r2_v1.1.0.merged.paf	985719	214.373	1743	217478.49	708941.48	25015456	985719	0.814473	0.982843	0.023192	1.000000
HG01978_pat_hprc_r2_v1.1.0.merged.paf	582765	119.410	1760	204903.25	679837.59	21372532	582765	0.810272	0.982875	0.022829	1.000000
HG01981_mat_hprc_r2_v1.0.1.merged.paf	798284	159.931	1760	200343.71	665861.27	22593000	798284	0.820634	0.983126	0.022582	1.000000
HG01981_pat_hprc_r2_v1.0.1.merged.paf	731253	155.866	1796	213148.62	699566.31	20505499	731253	0.824715	0.983079	0.022452	1.000000
HG01993_mat_hprc_r2_v1.0.1.merged.paf	821439	167.957	2123	204466.91	695545.14	27757023	821439	0.814420	0.982216	0.023376	1.000000
HG01993_pat_hprc_r2_v1.0.1.merged.paf	692310	146.713	2277	211918.20	698256.28	16273690	692310	0.825670	0.983099	0.022755	1.000000
HG02004_mat_hprc_r2_v1.0.1.merged.paf	918876	180.762	1853	196721.19	683932.26	19960642	918876	0.819098	0.983901	0.021409	1.000000
HG02004_pat_hprc_r2_v1.0.1.merged.paf	889090	183.957	2252	206904.91	687754.17	17494691	889090	0.811576	0.984176	0.020484	1.000000
HG02015_mat_hprc_r2_v1.0.1.merged.paf	700706	140.715	2152	200818.59	676003.51	23160000	700706	0.822533	0.982460	0.023809	1.000000
HG02015_pat_hprc_r2_v1.0.1.merged.paf	784430	148.288	2223	189038.66	659302.62	17904378	784430	0.809238	0.984798	0.019560	1.000000
HG02027_mat_hprc_r2_v1.0.1.merged.paf	843220	176.815	2123	209689.86	687230.80	17032045	843220	0.816971	0.982741	0.023393	1.000000
HG02027_pat_hprc_r2_v1.0.1.merged.paf	688235	147.926	2223	214935.09	707052.61	16590287	688235	0.824441	0.985435	0.017545	1.000000
HG02040_hap1_hprc_r2_v1.0.1.merged.paf	708678	136.405	2224	192477.82	657473.29	18030780	708678	0.814227	0.984964	0.019584	1.000000
HG02040_hap2_hprc_r2_v1.0.1.merged.paf	879431	180.972	2009	205783.27	683929.49	21863804	879431	0.817374	0.982185	0.023213	1.000000
HG02055_mat_hprc_r2_v1.0.1.merged.paf	708956	138.575	1679	195463.54	607045.41	15606762	708956	0.819586	0.983178	0.020604	1.000000
HG02055_pat_hprc_r2_v1.0.1.merged.paf	823958	162.573	1428	197306.87	601253.82	17724077	823958	0.830928	0.984823	0.018206	1.000000
HG02056_mat_hprc_r2_v1.0.1.merged.paf	968230	181.277	2033	187225.53	657962.01	17765739	968230	0.823061	0.982219	0.022603	1.000000
HG02056_pat_hprc_r2_v1.0.1.merged.paf	840716	163.014	1907	193899.26	667230.59	24342869	840716	0.821990	0.984863	0.018572	1.000000
HG02071_mat_hprc_r2_v1.0.1.merged.paf	875482	187.644	2157	214332.38	698941.70	18053141	875482	0.815974	0.982935	0.022047	1.000000
HG02071_pat_hprc_r2_v1.0.1.merged.paf	624873	121.253	2224	194044.74	639820.37	17841312	624873	0.819690	0.983052	0.022736	1.000000
HG02074_mat_hprc_r2_v1.0.1.merged.paf	801162	158.929	1853	198372.64	678180.17	21427668	801162	0.817636	0.981510	0.024640	1.000000
HG02074_pat_hprc_r2_v1.0.1.merged.paf	911266	174.761	1853	191777.88	673077.75	17428157	911266	0.824132	0.985425	0.017665	1.000000
HG02080_mat_hprc_r2_v1.0.1.merged.paf	762319	156.358	1949	205108.95	679072.64	17416453	762319	0.818211	0.983061	0.022551	1.000000
HG02080_pat_hprc_r2_v1.0.1.merged.paf	900224	173.807	2013	193070.54	657301.84	17097682	900224	0.820593	0.982640	0.023493	1.000000
HG02083_mat_hprc_r2_v1.0.1.merged.paf	712173	147.862	2067	207621.27	692887.24	19653000	712173	0.820678	0.983549	0.020936	1.000000
HG02083_pat_hprc_r2_v1.0.1.merged.paf	803014	154.394	1760	192268.44	664978.00	16459872	803014	0.815616	0.985517	0.017974	1.000000
HG02109_mat_hprc_r2_v1.0.1.merged.paf	1109195	202.649	1679	182699.44	598161.96	15391048	1109195	0.811818	0.984006	0.020030	1.000000
HG02109_pat_hprc_r2_v1.0.1.merged.paf	906700	180.551	1537	199130.15	608574.97	14227121	906700	0.805978	0.981720	0.023249	1.000000
HG02129_mat_hprc_r2_v1.0.1.merged.paf	960210	187.040	1760	194790.91	666218.92	18714483	960210	0.815301	0.983050	0.022640	1.000000
HG02129_pat_hprc_r2_v1.0.1.merged.paf	882840	171.920	2106	194735.72	661122.36	17015907	882840	0.814427	0.984440	0.019837	1.000000
HG02132_mat_hprc_r2_v1.0.1.merged.paf	642591	128.656	1679	200214.13	670977.24	19601022	642591	0.817863	0.983840	0.021134	1.000000
HG02132_pat_hprc_r2_v1.0.1.merged.paf	901474	174.949	2167	194069.77	657765.98	18022733	901474	0.821271	0.985322	0.017868	1.000000
HG02135_mat_hprc_r2_v1.0.1.merged.paf	827543	170.897	1973	206510.90	697376.57	22496448	827543	0.818880	0.982210	0.024146	1.000000
HG02135_pat_hprc_r2_v1.0.1.merged.paf	813443	168.683	1885	207368.94	692119.20	24473010	813443	0.820034	0.985150	0.018292	1.000000
HG02145_mat_hprc_r2_v1.0.1.merged.paf	920452	175.097	2038	190228.99	597608.09	14955000	920452	0.820312	0.983415	0.021204	1.000000
HG02145_pat_hprc_r2_v1.0.1.merged.paf	675048	130.563	2013	193413.23	613421.99	17759635	675048	0.807935	0.984484	0.018663	1.000000
HG02148_mat_hprc_r2_v1.0.1.merged.paf	704994	146.188	2067	207360.03	691584.60	19997202	704994	0.822244	0.982196	0.024570	1.000000
HG02148_pat_hprc_r2_v1.0.1.merged.paf	871274	177.822	2100	204093.91	692191.52	18837417	871274	0.811828	0.983030	0.022992	1.000000
HG02155_hap1_hprc_r2_v1.0.1.merged.paf	749644	153.776	2053	205132.23	695444.29	19482562	749644	0.821214	0.982920	0.021600	1.000000
HG02155_hap2_hprc_r2_v1.0.1.merged.paf	667404	143.728	2014	215354.55	697503.70	18161279	667404	0.814655	0.982087	0.023587	1.000000
HG02165_hap1_hprc_r2_v1.0.1.merged.paf	817000	171.160	1853	209497.60	693443.79	21370899	817000	0.820443	0.982936	0.022007	1.000000
HG02165_hap2_hprc_r2_v1.0.1.merged.paf	875360	180.157	1526	205809.56	688641.53	18738726	875360	0.814614	0.982872	0.023017	1.000000
HG02178_hap1_hprc_r2_v1.0.1.merged.paf	878435	184.474	1907	210002.49	681235.36	21974627	878435	0.822501	0.982014	0.023389	1.000000
HG02178_hap2_hprc_r2_v1.0.1.merged.paf	714878	153.468	2226	214677.10	682333.38	18904898	714878	0.816399	0.984158	0.020521	1.000000
HG02257_mat_hprc_r2_v1.1.0.merged.paf	553184	107.663	1853	194624.37	619754.87	16095116	553184	0.822346	0.983965	0.020075	1.000000
HG02257_pat_hprc_r2_v1.1.0.merged.paf	829967	150.345	2251	181145.58	589169.28	20152484	829967	0.822645	0.983184	0.020628	1.000000
HG02258_mat_hprc_r2_v1.0.1.merged.paf	725185	138.506	2138	190993.62	603958.98	17233660	725185	0.819563	0.983675	0.020421	1.000000
HG02258_pat_hprc_r2_v1.0.1.merged.paf	870183	162.910	2100	187214.05	586157.79	14304843	870183	0.823681	0.984131	0.019108	1.000000
HG02273_hap1_hprc_r2_v1.0.1.merged.paf	958141	182.877	2234	190866.37	671288.64	17948066	958141	0.811665	0.983148	0.023150	1.000000
HG02273_hap2_hprc_r2_v1.0.1.merged.paf	577101	126.236	1900	218741.21	709214.67	18794966	577101	0.823676	0.985029	0.019692	1.000000
HG02280_mat_hprc_r2_v1.0.1.merged.paf	787318	165.852	1520	210653.84	622939.55	14749000	787318	0.812793	0.984033	0.019467	1.000000
HG02280_pat_hprc_r2_v1.0.1.merged.paf	1068844	196.655	2100	183988.09	588810.49	14848478	1068844	0.822973	0.981810	0.022535	1.000000
HG02293_mat_hprc_r2_v1.0.1.merged.paf	549442	119.162	2100	216878.83	695968.75	18158729	549442	0.817300	0.982726	0.022904	1.000000
HG02293_pat_hprc_r2_v1.0.1.merged.paf	549686	122.607	2228	223050.00	724379.67	17692663	549686	0.812816	0.983818	0.021820	1.000000
HG02300_mat_hprc_r2_v1.0.1.merged.paf	950600	193.365	2157	203413.27	673174.77	17366929	950600	0.817988	0.984470	0.020812	1.000000
HG02300_pat_hprc_r2_v1.0.1.merged.paf	801436	165.977	1853	207099.91	671246.83	17989903	801436	0.819104	0.983126	0.022615	1.000000
HG02391_hap1_hprc_r2_v1.0.1.merged.paf	618987	130.268	2336	210453.06	691130.95	17510988	618987	0.830048	0.986068	0.017251	1.000000
HG02391_hap2_hprc_r2_v1.0.1.merged.paf	631042	134.676	2157	213417.85	696926.33	17752454	631042	0.819604	0.983170	0.022556	1.000000
HG02392_hap1_hprc_r2_v1.0.1.merged.paf	774506	142.529	2224	184026.07	638122.16	17905507	774506	0.819263	0.984907	0.020194	1.000000
HG02392_hap2_hprc_r2_v1.0.1.merged.paf	719486	143.912	1853	200020.69	674554.23	20431116	719486	0.818577	0.982099	0.024455	1.000000
HG02451_mat_hprc_r2_v1.0.1.merged.paf	740644	134.885	2309	182118.88	592487.47	15446126	740644	0.821376	0.982568	0.021830	0.999983
HG02451_pat_hprc_r2_v1.0.1.merged.paf	903915	170.837	2003	188996.73	594140.59	16424061	903915	0.820863	0.982156	0.022411	1.000000
HG02486_mat_hprc_r2_v1.0.1.merged.paf	825299	159.981	2309	193846.66	614123.81	14747096	825299	0.806824	0.983683	0.021434	1.000000
HG02486_pat_hprc_r2_v1.0.1.merged.paf	685407	127.481	2223	185993.21	589215.32	14810439	685407	0.824472	0.984703	0.018392	1.000000
HG02514_mat_hprc_r2_v1.0.1.merged.paf	791214	157.068	2226	198515.36	678174.95	21177315	791214	0.822164	0.983958	0.020488	1.000000
HG02514_pat_hprc_r2_v1.0.1.merged.paf	1013844	196.156	2220	193477.15	654814.24	16795847	1013844	0.821664	0.984416	0.019210	1.000000
HG02523_mat_hprc_r2_v1.0.1.merged.paf	812547	170.814	2201	210220.62	690004.28	22157612	812547	0.819065	0.981516	0.024984	1.000000
HG02523_pat_hprc_r2_v1.0.1.merged.paf	816187	152.690	2100	187077.02	648082.86	15177783	816187	0.823241	0.982595	0.023135	1.000000
HG02559_mat_hprc_r2_v1.0.1.merged.paf	782253	156.241	1974	199731.99	615981.85	15162696	782253	0.821254	0.984004	0.020894	1.000000
HG02559_pat_hprc_r2_v1.0.1.merged.paf	850185	165.549	2080	194720.94	604743.74	14359109	850185	0.818055	0.981891	0.023365	1.000000
HG02572_mat_hprc_r2_v1.0.1.merged.paf	845285	174.316	2067	206221.31	619965.80	13308862	845285	0.798057	0.982538	0.021804	1.000000
HG02572_pat_hprc_r2_v1.0.1.merged.paf	805337	148.567	1853	184477.69	584750.42	18639171	805337	0.815978	0.984157	0.019997	1.000000
HG02583_hap1_hprc_r2_v1.0.1.merged.paf	912964	180.751	1907	197982.13	604868.15	14138411	912964	0.816962	0.983072	0.022232	1.000000
HG02583_hap2_hprc_r2_v1.0.1.merged.paf	771581	153.295	1679	198677.00	606000.45	15263312	771581	0.822766	0.981723	0.022894	1.000000
HG02602_mat_hprc_r2_v1.0.1.merged.paf	863427	171.234	1817	198319.14	649512.43	17841902	863427	0.816187	0.982640	0.022824	1.000000
HG02602_pat_hprc_r2_v1.0.1.merged.paf	684691	141.850	2153	207173.19	674143.64	14774890	684691	0.827189	0.985207	0.018549	1.000000
HG02615_mat_hprc_r2_v1.0.1.merged.paf	859563	162.863	1853	189472.21	602499.94	13867203	859563	0.824442	0.983022	0.020595	1.000000
HG02615_pat_hprc_r2_v1.0.1.merged.paf	976845	184.143	2057	188507.73	602152.28	18469444	976845	0.816751	0.983354	0.021075	1.000000
HG02622_mat_hprc_r2_v1.0.1.merged.paf	913107	172.057	1853	188430.68	593898.45	17413330	913107	0.812876	0.982408	0.021618	1.000000
HG02622_pat_hprc_r2_v1.0.1.merged.paf	620778	125.726	2234	202529.21	606466.17	14728706	620778	0.818764	0.983173	0.021281	1.000000
HG02630_mat_hprc_r2_v1.0.1.merged.paf	750115	156.286	1976	208349.67	628196.11	30108567	750115	0.814343	0.981145	0.024321	1.000000
HG02630_pat_hprc_r2_v1.0.1.merged.paf	723327	153.393	2067	212066.41	622497.12	15005877	723327	0.801402	0.982162	0.022207	1.000000
HG02647_mat_hprc_r2_v1.0.1.merged.paf	1055986	187.140	2299	177218.37	578741.69	16344172	1055986	0.815794	0.982757	0.021816	1.000000
HG02647_pat_hprc_r2_v1.0.1.merged.paf	828539	151.392	1973	182721.91	582651.75	14758352	828539	0.821364	0.983046	0.021021	1.000000
HG02668_mat_hprc_r2_v1.0.1.merged.paf	860475	159.707	2100	185603.46	584619.50	17543703	860475	0.819966	0.982397	0.022670	1.000000
HG02668_pat_hprc_r2_v1.0.1.merged.paf	960964	174.761	1907	181860.58	584378.01	18825906	960964	0.824854	0.983684	0.019937	1.000000
HG02698_mat_hprc_r2_v1.0.1.merged.paf	829092	177.042	1797	213537.47	689016.79	18950716	829092	0.818802	0.983102	0.022246	1.000000
HG02698_pat_hprc_r2_v1.0.1.merged.paf	892805	174.926	1885	195928.21	658838.59	16437251	892805	0.814022	0.985239	0.017804	1.000000
HG02717_mat_hprc_r2_v1.0.1.merged.paf	656824	129.066	2309	196499.64	613546.50	15677006	656824	0.818974	0.983543	0.021154	1.000000
HG02717_pat_hprc_r2_v1.0.1.merged.paf	738056	147.991	1474	200513.94	606115.39	17087178	738056	0.824184	0.984647	0.018541	1.000000
HG02723_mat_hprc_r2_v1.0.1.merged.paf	699915	132.041	2309	188652.39	588669.20	13780595	699915	0.821801	0.982758	0.021237	1.000000
HG02723_pat_hprc_r2_v1.0.1.merged.paf	789131	157.104	2154	199084.36	605765.24	16244905	789131	0.820928	0.983025	0.021748	1.000000
HG02735_mat_hprc_r2_v1.0.1.merged.paf	725941	141.110	2281	194381.85	649071.02	16136846	725941	0.824399	0.982917	0.022062	1.000000
HG02735_pat_hprc_r2_v1.0.1.merged.paf	744270	145.443	2209	195416.74	664872.60	17822303	744270	0.815841	0.985372	0.018264	1.000000
HG02738_mat_hprc_r2_v1.0.1.merged.paf	875327	177.406	1907	202673.48	667904.95	28323620	875327	0.811429	0.982680	0.022873	1.000000
HG02738_pat_hprc_r2_v1.0.1.merged.paf	774407	156.795	2009	202471.02	674199.09	20549993	774407	0.819254	0.985646	0.017591	1.000000
HG02809_mat_hprc_r2_v1.0.1.merged.paf	747996	147.484	1980	197171.88	604340.43	14676305	747996	0.822366	0.983059	0.021413	1.000000
HG02809_pat_hprc_r2_v1.0.1.merged.paf	950451	190.184	1821	200098.22	613165.24	16380680	950451	0.803104	0.983316	0.021183	1.000000
HG02818_mat_hprc_r2_v1.0.1.merged.paf	726277	143.385	1801	197425.31	602039.41	15235560	726277	0.825586	0.982672	0.022989	1.000000
HG02818_pat_hprc_r2_v1.0.1.merged.paf	677605	132.317	1853	195271.06	602457.05	15382965	677605	0.819380	0.981758	0.022922	1.000000
HG02841_mat_hprc_r2_v1.0.1.merged.paf	763508	150.685	1529	197359.01	599643.65	14563462	763508	0.825463	0.982516	0.021572	1.000000
HG02841_pat_hprc_r2_v1.0.1.merged.paf	935204	187.090	2280	200052.46	615054.62	15301158	935204	0.830374	0.983211	0.021403	1.000000
HG02886_mat_hprc_r2_v1.0.1.merged.paf	973488	175.375	2284	180151.30	576192.57	14169828	973488	0.830272	0.983369	0.020623	1.000000
HG02886_pat_hprc_r2_v1.0.1.merged.paf	924171	177.849	1537	192442.17	595367.58	14001245	924171	0.819067	0.983012	0.021256	1.000000
HG02922_hap1_hprc_r2_v1.0.1.merged.paf	747291	152.777	2067	204440.84	613282.91	16245773	747291	0.824876	0.983002	0.022291	1.000000
HG02922_hap2_hprc_r2_v1.0.1.merged.paf	827709	165.633	2281	200109.85	605664.17	13493139	827709	0.817951	0.983190	0.020934	1.000000
HG02965_hap1_hprc_r2_v1.0.1.merged.paf	880353	162.973	2157	185122.58	591028.98	17401917	880353	0.826930	0.983303	0.021108	1.000000
HG02965_hap2_hprc_r2_v1.0.1.merged.paf	928806	177.522	1911	191129.24	598645.75	15790959	928806	0.818114	0.981961	0.022946	1.000000
HG02976_hap1_hprc_r2_v1.0.1.merged.paf	1035854	200.306	2081	193373.25	602131.60	15358484	1035854	0.825485	0.984022	0.019580	1.000000
HG02976_hap2_hprc_r2_v1.0.1.merged.paf	795817	152.443	1853	191555.59	599815.01	16576918	795817	0.811949	0.982805	0.022500	1.000000
HG02984_mat_hprc_r2_v1.0.1.merged.paf	961763	174.610	2209	181552.34	580499.12	14666535	961763	0.807842	0.981693	0.023393	1.000000
HG02984_pat_hprc_r2_v1.0.1.merged.paf	796505	145.289	1424	182408.73	582004.80	14748000	796505	0.823421	0.983467	0.020243	1.000000
HG03017_mat_hprc_r2_v1.0.1.merged.paf	740632	150.335	1980	202981.60	679732.85	23111501	740632	0.811644	0.983586	0.021974	1.000000
HG03017_pat_hprc_r2_v1.0.1.merged.paf	837042	165.371	2223	197565.94	663788.23	18316336	837042	0.820535	0.983829	0.021880	1.000000
HG03041_mat_hprc_r2_v1.0.1.merged.paf	925049	177.665	1625	192059.85	597139.69	14335159	925049	0.796422	0.982136	0.022965	1.000000
HG03041_pat_hprc_r2_v1.0.1.merged.paf	772291	146.658	2193	189900.02	593165.12	13502376	772291	0.811553	0.982854	0.022050	1.000000
HG03050_mat_hprc_r2_v1.0.1.merged.paf	846234	174.727	1853	206476.54	624053.10	14303286	846234	0.814451	0.983157	0.021290	0.999969
HG03050_pat_hprc_r2_v1.0.1.merged.paf	944198	175.111	1760	185460.56	575611.23	15399102	944198	0.819707	0.983610	0.020979	1.000000
HG03098_mat_hprc_r2_v1.0.1.merged.paf	758750	152.904	2116	201520.38	610936.51	15010590	758750	0.833709	0.981999	0.022713	1.000000
HG03098_pat_hprc_r2_v1.0.1.merged.paf	1007951	181.280	2223	179849.57	574298.24	15860745	1007951	0.824675	0.984494	0.019316	1.000000
HG03130_hap1_hprc_r2_v1.0.1.merged.paf	607465	118.984	1976	195870.54	595199.36	15803886	607465	0.837096	0.984935	0.017670	1.000000
HG03130_hap2_hprc_r2_v1.0.1.merged.paf	730938	141.828	1528	194035.63	602164.09	17912995	730938	0.824850	0.983906	0.020177	0.999977
HG03139_hap1_hprc_r2_v1.0.1.merged.paf	699159	124.828	2174	178540.62	578224.29	14288337	699159	0.820936	0.983455	0.020230	1.000000
HG03139_hap2_hprc_r2_v1.0.1.merged.paf	1082733	218.511	2123	201814.36	614692.21	18835582	1082733	0.815619	0.982313	0.021611	1.000000
HG03195_hap1_hprc_r2_v1.0.1.merged.paf	718130	143.794	2138	200233.41	607923.72	16520654	718130	0.813739	0.982111	0.022839	1.000000
HG03195_hap2_hprc_r2_v1.0.1.merged.paf	739997	147.071	1949	198745.09	608541.15	15129420	739997	0.818578	0.982773	0.021258	1.000000
HG03209_hap1_hprc_r2_v1.0.1.merged.paf	1061458	195.970	2087	184623.81	576120.07	14195048	1061458	0.821739	0.983300	0.020570	1.000000
HG03209_hap2_hprc_r2_v1.0.1.merged.paf	595867	123.057	1853	206517.47	616153.19	20436879	595867	0.814537	0.981619	0.023122	1.000000
HG03225_hap1_hprc_r2_v1.0.1.merged.paf	750947	139.706	2157	186039.72	580716.34	16787050	750947	0.818329	0.983603	0.020716	1.000000
HG03225_hap2_hprc_r2_v1.0.1.merged.paf	868358	168.611	1883	194172.46	597837.09	15280551	868358	0.823143	0.981727	0.023323	1.000000
HG03239_mat_hprc_r2_v1.0.1.merged.paf	794285	153.201	2209	192879.05	667391.50	19591000	794285	0.816146	0.982456	0.022738	1.000000
HG03239_pat_hprc_r2_v1.0.1.merged.paf	853933	174.901	2193	204818.37	672339.80	16390248	853933	0.818741	0.982935	0.022849	1.000000
HG03270_hap1_hprc_r2_v1.0.1.merged.paf	980704	202.529	2152	206514.11	616824.50	15286518	980704	0.815186	0.983608	0.021979	1.000000
HG03270_hap2_hprc_r2_v1.0.1.merged.paf	874269	166.236	1981	190142.64	602398.17	15811104	874269	0.818004	0.983765	0.019889	1.000000
HG03369_hap1_hprc_r2_v1.0.1.merged.paf	935565	185.902	2138	198705.86	607947.10	13621400	935565	0.820065	0.981943	0.023640	1.000000
HG03369_hap2_hprc_r2_v1.0.1.merged.paf	695650	129.508	2007	186168.18	592924.38	18838254	695650	0.812728	0.981851	0.020728	1.000000
HG03453_mat_hprc_r2_v1.0.1.merged.paf	743140	137.280	1853	184729.20	584560.90	14023775	743140	0.823980	0.982131	0.022984	1.000000
HG03453_pat_hprc_r2_v1.0.1.merged.paf	632908	122.952	1760	194264.88	594489.11	13550665	632908	0.820417	0.982725	0.021633	1.000000
HG03470_hap1_hprc_r2_v1.0.1.merged.paf	888298	174.514	1949	196458.93	603392.68	14801070	888298	0.822298	0.982811	0.021528	1.000000
HG03470_hap2_hprc_r2_v1.0.1.merged.paf	894493	171.064	2153	191240.74	600487.28	14659908	894493	0.816940	0.982466	0.022192	1.000000
HG03471_hap1_hprc_r2_v1.0.1.merged.paf	517995	106.393	2069	205394.07	606491.94	13473114	517995	0.837181	0.984145	0.018820	1.000000
HG03471_hap2_hprc_r2_v1.0.1.merged.paf	736758	137.592	2153	186753.77	588725.57	14504000	736758	0.820635	0.983372	0.021486	1.000000
HG03486_mat_hprc_r2_v1.0.1.merged.paf	754047	150.377	1760	199426.40	604959.53	13956157	754047	0.822696	0.982177	0.022273	1.000000
HG03486_pat_hprc_r2_v1.0.1.merged.paf	778510	160.148	2309	205710.38	612654.08	16227052	778510	0.822226	0.983946	0.020141	1.000000
HG03516_mat_hprc_r2_v1.1.0.merged.paf	1009187	186.753	1661	185053.00	591231.76	14699557	1009187	0.815799	0.982766	0.021416	1.000000
HG03516_pat_hprc_r2_v1.1.0.merged.paf	680299	134.395	1981	197552.76	611390.06	15397591	680299	0.816544	0.981540	0.023365	1.000000
HG03521_hap1_hprc_r2_v1.0.1.merged.paf	782911	148.307	2013	189429.87	590985.94	15185598	782911	0.819338	0.984637	0.018167	1.000000
HG03521_hap2_hprc_r2_v1.0.1.merged.paf	771400	162.881	2108	211149.87	621909.20	18942284	771400	0.818982	0.982290	0.022927	1.000000
HG03540_mat_hprc_r2_v1.0.1.merged.paf	793175	153.226	1796	193180.01	602248.39	18626230	793175	0.827981	0.983382	0.021942	1.000000
HG03540_pat_hprc_r2_v1.0.1.merged.paf	813534	168.121	2209	206655.17	623123.04	14406729	813534	0.822077	0.982890	0.021704	1.000000
HG03579_mat_hprc_r2_v1.0.1.merged.paf	649913	125.639	2150	193315.92	600326.97	15330923	649913	0.822808	0.981827	0.023566	1.000000
HG03579_pat_hprc_r2_v1.0.1.merged.paf	681333	122.067	1893	179158.54	573353.84	14434972	681333	0.823932	0.984058	0.019827	1.000000
HG03583_hap1_hprc_r2_v1.0.1.merged.paf	762115	141.423	2097	185565.88	583649.49	14598262	762115	0.810478	0.982475	0.021897	1.000000
HG03583_hap2_hprc_r2_v1.0.1.merged.paf	632829	125.643	2021	198541.30	610103.96	16752116	632829	0.827343	0.981302	0.024519	1.000000
HG03654_mat_hprc_r2_v1.0.1.merged.paf	730769	144.219	1535	197352.25	665956.74	17973738	730769	0.810867	0.983632	0.021497	1.000000
HG03654_pat_hprc_r2_v1.0.1.merged.paf	835720	154.185	1853	184493.37	633890.63	20727932	835720	0.817952	0.982994	0.022750	1.000000
HG03669_mat_hprc_r2_v1.0.1.merged.paf	895916	177.663	1853	198303.68	671062.02	18282002	895916	0.818518	0.982666	0.023456	1.000000
HG03669_pat_hprc_r2_v1.0.1.merged.paf	859382	183.351	1853	213351.94	682683.48	19333414	859382	0.818129	0.982516	0.022863	1.000000
HG03688_mat_hprc_r2_v1.0.1.merged.paf	829708	165.284	1901	199206.97	660095.46	17579249	829708	0.817158	0.982657	0.022713	1.000000
HG03688_pat_hprc_r2_v1.0.1.merged.paf	697753	133.656	2152	191552.55	638420.59	16307853	697753	0.816654	0.983832	0.021767	1.000000
HG03704_mat_hprc_r2_v1.0.1.merged.paf	905942	183.631	2067	202695.88	673778.80	21611237	905942	0.821666	0.983506	0.022916	1.000000
HG03704_pat_hprc_r2_v1.0.1.merged.paf	1062052	202.227	2097	190411.76	641936.22	19800956	1062052	0.812978	0.983731	0.021282	1.000000
HG03710_mat_hprc_r2_v1.0.1.merged.paf	874433	171.802	1635	196472.21	675354.04	17978109	874433	0.819728	0.983910	0.020912	1.000000
HG03710_pat_hprc_r2_v1.0.1.merged.paf	900417	166.684	1800	185118.85	630515.44	16466169	900417	0.822733	0.985198	0.019286	1.000000
HG03742_hap1_hprc_r2_v1.0.1.merged.paf	692403	142.474	1953	205766.74	664072.47	18132146	692403	0.816105	0.985351	0.018090	1.000000
HG03742_hap2_hprc_r2_v1.0.1.merged.paf	681577	146.376	2436	214760.58	689303.00	16648718	681577	0.820572	0.982899	0.022309	1.000000
HG03784_hap1_hprc_r2_v1.0.1.merged.paf	785288	160.203	1427	204004.92	673519.66	16478679	785288	0.822684	0.984630	0.019348	1.000000
HG03784_hap2_hprc_r2_v1.0.1.merged.paf	763936	153.938	1852	201507.05	664881.87	21339584	763936	0.812802	0.983666	0.021151	1.000000
HG03804_mat_hprc_r2_v1.0.1.merged.paf	797729	168.488	1897	211210.16	693571.33	18702613	797729	0.820127	0.983961	0.021157	1.000000
HG03804_pat_hprc_r2_v1.0.1.merged.paf	749687	146.793	1900	195805.52	650259.68	16469415	749687	0.813056	0.983214	0.022510	1.000000
HG03816_mat_hprc_r2_v1.0.1.merged.paf	924598	180.198	2251	194893.15	670249.13	21902169	924598	0.807785	0.981478	0.024079	1.000000
HG03816_pat_hprc_r2_v1.0.1.merged.paf	935810	196.186	1853	209643.42	674779.09	16346526	935810	0.814260	0.983616	0.022237	1.000000
HG03831_mat_hprc_r2_v1.0.1.merged.paf	661212	137.667	2067	208203.92	695986.10	18973185	661212	0.819942	0.983234	0.022734	1.000000
HG03831_pat_hprc_r2_v1.0.1.merged.paf	614735	128.998	1935	209844.07	683869.21	17042054	614735	0.818812	0.984311	0.020851	1.000000
HG03834_mat_hprc_r2_v1.0.1.merged.paf	781144	153.716	1679	196783.13	661886.57	20831418	781144	0.820643	0.984008	0.020577	1.000000
HG03834_pat_hprc_r2_v1.0.1.merged.paf	816157	166.126	1622	203546.90	676067.65	21114363	816157	0.825287	0.983884	0.020996	1.000000
HG03874_hap1_hprc_r2_v1.0.1.merged.paf	694277	144.313	1976	207861.37	674376.81	17036356	694277	0.811818	0.983750	0.021412	1.000000
HG03874_hap2_hprc_r2_v1.0.1.merged.paf	732529	162.544	2123	221893.77	708297.65	19098294	732529	0.819130	0.983402	0.021892	1.000000
HG03927_mat_hprc_r2_v1.0.1.merged.paf	688092	140.812	2209	204641.22	673470.18	17495000	688092	0.818621	0.982783	0.023057	1.000000
HG03927_pat_hprc_r2_v1.0.1.merged.paf	935781	190.620	1853	203701.12	670182.75	18997141	935781	0.824403	0.984268	0.020959	1.000000
HG03942_mat_hprc_r2_v1.0.1.merged.paf	765930	158.607	2008	207077.22	680811.73	17623144	765930	0.816908	0.982457	0.024074	1.000000
HG03942_pat_hprc_r2_v1.0.1.merged.paf	816813	154.240	2223	188831.85	651412.20	15233584	816813	0.816649	0.984273	0.022155	1.000000
HG04115_mat_hprc_r2_v1.0.1.merged.paf	813906	165.598	1853	203460.30	682039.71	15429184	813906	0.819778	0.983901	0.022187	1.000000
HG04115_pat_hprc_r2_v1.0.1.merged.paf	777295	160.079	1138	205943.62	665628.84	16416774	777295	0.823529	0.985334	0.018218	1.000000
HG04157_mat_hprc_r2_v1.0.1.merged.paf	883558	178.699	1743	202248.82	664478.13	17840260	883558	0.816207	0.983687	0.021102	1.000000
HG04157_pat_hprc_r2_v1.0.1.merged.paf	787025	154.175	1980	195895.58	655124.96	17478787	787025	0.822592	0.985953	0.017094	1.000000
HG04160_mat_hprc_r2_v1.0.1.merged.paf	929918	181.207	2281	194863.77	663412.38	21628750	929918	0.822718	0.983697	0.020747	1.000000
HG04160_pat_hprc_r2_v1.0.1.merged.paf	740524	148.470	1853	200492.74	669768.02	15383749	740524	0.830446	0.985565	0.016791	1.000000
HG04184_mat_hprc_r2_v1.0.1.merged.paf	803179	165.803	1635	206433.21	677217.41	20949146	803179	0.817988	0.984098	0.020665	1.000000
HG04184_pat_hprc_r2_v1.0.1.merged.paf	748852	162.200	1852	216597.69	703937.85	19789843	748852	0.823165	0.983345	0.022268	1.000000
HG04187_mat_hprc_r2_v1.0.1.merged.paf	768666	144.488	2138	187972.33	653435.27	20470382	768666	0.808085	0.981982	0.023044	1.000000
HG04187_pat_hprc_r2_v1.0.1.merged.paf	809542	156.903	1760	193816.99	645892.42	14465820	809542	0.822171	0.984978	0.018606	1.000000
HG04199_mat_hprc_r2_v1.0.1.merged.paf	710993	135.448	2309	190505.32	652504.87	18948426	710993	0.818526	0.984029	0.020979	1.000000
HG04199_pat_hprc_r2_v1.0.1.merged.paf	632282	121.820	1853	192667.42	647486.24	18081530	632282	0.823219	0.984928	0.017521	1.000000
HG04204_mat_hprc_r2_v1.0.1.merged.paf	786676	154.262	1802	196092.90	659676.37	21825585	786676	0.818809	0.984060	0.019650	1.000000
HG04204_pat_hprc_r2_v1.0.1.merged.paf	939429	180.783	2223	192438.87	649799.52	17580646	939429	0.824227	0.984472	0.021101	1.000000
HG04228_mat_hprc_r2_v1.0.1.merged.paf	596375	116.895	1852	196009.16	667945.27	22708696	596375	0.824258	0.984194	0.020720	1.000000
HG04228_pat_hprc_r2_v1.0.1.merged.paf	813940	151.617	2209	186274.81	641033.59	17155000	813940	0.821029	0.985348	0.017958	1.000000
HG06807_mat_v1.0.genbank.merged.paf	729841	140.923	1974	193086.74	596409.17	18434202	729841	0.822764	0.981515	0.023168	1.000000
HG06807_pat_v1.0.genbank.merged.paf	850202	165.437	2145	194585.86	624900.30	15398184	850202	0.824881	0.982543	0.022101	1.000000
NA18505_hap1_hprc_r2_v1.0.1.merged.paf	790317	158.840	2415	200982.72	608172.08	16091820	790317	0.821071	0.982888	0.021934	1.000000
NA18505_hap2_hprc_r2_v1.0.1.merged.paf	970239	205.574	2121	211879.57	623281.11	14959714	970239	0.814314	0.983651	0.019917	1.000000
NA18508_hap1_hprc_r2_v1.0.1.merged.paf	654076	126.003	2267	192643.51	587662.87	12937118	654076	0.814971	0.982835	0.021792	1.000000
NA18508_hap2_hprc_r2_v1.0.1.merged.paf	961208	177.715	2067	184887.03	587578.34	13854850	961208	0.816117	0.981914	0.022729	1.000000
NA18522_hap1_hprc_r2_v1.0.1.merged.paf	767263	148.499	2100	193544.09	602386.49	17839839	767263	0.829506	0.984686	0.017581	1.000000
NA18522_hap2_hprc_r2_v1.0.1.merged.paf	908548	159.486	2165	175538.95	571381.23	16694849	908548	0.818763	0.982873	0.022260	1.000000
NA18565_hap1_hprc_r2_v1.0.1.merged.paf	663370	134.878	2101	203322.28	680333.41	19975585	663370	0.817000	0.982320	0.023188	1.000000
NA18565_hap2_hprc_r2_v1.0.1.merged.paf	841877	172.003	2067	204308.97	675260.39	16789737	841877	0.814815	0.983188	0.021620	1.000000
NA18570_hap1_hprc_r2_v1.0.1.merged.paf	841743	177.375	2154	210723.20	692895.53	18490750	841743	0.818662	0.982615	0.023301	1.000000
NA18570_hap2_hprc_r2_v1.0.1.merged.paf	721393	153.701	2100	213061.63	694726.08	19352545	721393	0.816710	0.983942	0.021336	1.000000
NA18608_hap1_hprc_r2_v1.0.1.merged.paf	794245	154.356	2157	194343.33	666464.68	16967751	794245	0.809238	0.985616	0.017360	1.000000
NA18608_hap2_hprc_r2_v1.0.1.merged.paf	810467	166.142	1536	204995.06	680626.86	21447739	810467	0.821273	0.982406	0.022444	1.000000
NA18620_hap1_hprc_r2_v1.0.1.merged.paf	865832	169.025	1853	195217.05	659396.54	16956825	865832	0.828615	0.984770	0.019156	1.000000
NA18620_hap2_hprc_r2_v1.0.1.merged.paf	682052	137.880	2067	202154.34	680501.24	19539099	682052	0.821968	0.981106	0.024193	1.000000
NA18747_hap1_hprc_r2_v1.0.1.merged.paf	834156	165.783	1541	198742.88	658617.86	18693073	834156	0.820297	0.985386	0.018784	1.000000
NA18747_hap2_hprc_r2_v1.0.1.merged.paf	775535	155.711	2067	200778.19	684870.97	16883001	775535	0.822132	0.982121	0.023926	1.000000
NA18879_hap1_hprc_r2_v1.0.1.merged.paf	709296	142.358	2223	200703.07	598527.66	14431535	709296	0.830745	0.984755	0.018330	1.000000
NA18879_hap2_hprc_r2_v1.0.1.merged.paf	770052	150.326	1853	195215.73	603209.58	15336350	770052	0.824398	0.982658	0.022692	1.000000
NA18906_mat_hprc_r2_v1.0.1.merged.paf	948616	175.109	2067	184594.07	593195.13	17076960	948616	0.812881	0.983047	0.021073	1.000000
NA18906_pat_hprc_r2_v1.0.1.merged.paf	934817	181.145	2281	193775.40	599241.54	17717633	934817	0.822205	0.981042	0.023978	1.000000
NA18940_hap1_hprc_r2_v1.0.1.merged.paf	796713	153.972	1853	193259.22	662694.57	17629988	796713	0.817184	0.982763	0.023585	1.000000
NA18940_hap2_hprc_r2_v1.0.1.merged.paf	875243	171.899	2100	196401.05	676028.51	19735644	875243	0.808909	0.982509	0.022572	1.000000
NA18943_hap1_hprc_r2_v1.0.1.merged.paf	881560	177.315	2209	201137.26	669935.28	18980852	881560	0.807391	0.985516	0.017698	1.000000
NA18943_hap2_hprc_r2_v1.0.1.merged.paf	687535	138.096	1883	200856.24	684036.34	18834102	687535	0.821550	0.985563	0.018007	1.000000
NA18944_hap1_hprc_r2_v1.0.1.merged.paf	674456	141.457	1893	209734.87	684768.71	18853796	674456	0.811818	0.985469	0.017943	1.000000
NA18944_hap2_hprc_r2_v1.0.1.merged.paf	891565	191.079	2013	214319.20	704916.53	16331938	891565	0.819571	0.985033	0.018057	1.000000
NA18945_hap1_hprc_r2_v1.0.1.merged.paf	867897	151.631	1949	174710.55	621845.43	15292179	867897	0.823557	0.984738	0.020432	1.000000
NA18945_hap2_hprc_r2_v1.0.1.merged.paf	755031	152.914	1852	202526.58	689886.98	21696714	755031	0.813883	0.982619	0.023257	1.000000
NA18948_hap1_hprc_r2_v1.0.1.merged.paf	848863	151.597	1529	178588.83	628242.41	17849959	848863	0.807193	0.984320	0.020924	1.000000
NA18948_hap2_hprc_r2_v1.0.1.merged.paf	809920	165.887	2252	204818.71	679033.25	17345602	809920	0.817770	0.985953	0.016513	1.000000
NA18952_hap1_hprc_r2_v1.0.1.merged.paf	736972	136.724	2193	185521.34	639095.14	22310417	736972	0.817881	0.984066	0.020614	1.000000
NA18952_hap2_hprc_r2_v1.0.1.merged.paf	785639	158.999	2309	202381.40	681656.59	20437898	785639	0.797120	0.981138	0.024358	1.000000
NA18959_hap1_hprc_r2_v1.0.1.merged.paf	725802	141.813	2145	195388.33	671712.08	17062302	725802	0.821279	0.983543	0.021635	1.000000
NA18959_hap2_hprc_r2_v1.0.1.merged.paf	654800	132.391	2067	202185.15	677651.85	21086239	654800	0.812772	0.986864	0.015602	1.000000
NA18960_hap1_hprc_r2_v1.0.1.merged.paf	890595	180.632	2042	202821.63	682805.10	21635465	890595	0.812539	0.985809	0.017357	1.000000
NA18960_hap2_hprc_r2_v1.0.1.merged.paf	862533	171.180	1639	198462.16	668103.96	17254752	862533	0.798712	0.984955	0.018540	1.000000
NA18967_hap1_hprc_r2_v1.0.1.merged.paf	643390	136.324	2018	211883.43	691729.33	18138000	643390	0.821857	0.985867	0.017511	1.000000
NA18967_hap2_hprc_r2_v1.0.1.merged.paf	731501	153.231	1852	209474.27	709340.59	22941965	731501	0.792663	0.982398	0.022889	1.000000
NA18970_hap1_hprc_r2_v1.0.1.merged.paf	524931	109.611	2224	208810.51	696113.42	18593447	524931	0.823611	0.985468	0.017445	1.000000
NA18970_hap2_hprc_r2_v1.0.1.merged.paf	801222	159.746	1981	199377.82	688043.51	19855673	801222	0.822063	0.985598	0.016880	1.000000
NA18971_hap1_hprc_r2_v1.0.1.merged.paf	756137	139.558	2223	184567.04	652449.47	18914000	756137	0.819761	0.984684	0.020126	1.000000
NA18971_hap2_hprc_r2_v1.0.1.merged.paf	799554	171.549	1637	214555.69	696845.25	21634599	799554	0.820231	0.982600	0.023181	1.000000
NA18974_hap1_hprc_r2_v1.0.1.merged.paf	852608	180.279	1894	211444.54	688809.76	20383794	852608	0.825596	0.985623	0.017259	1.000000
NA18974_hap2_hprc_r2_v1.0.1.merged.paf	999406	207.616	2081	207738.97	700479.34	20739876	999406	0.818411	0.981626	0.024526	1.000000
NA18976_hap1_hprc_r2_v1.0.1.merged.paf	799812	166.005	2259	207555.38	689128.43	18736110	799812	0.817071	0.980774	0.024842	1.000000
NA18976_hap2_hprc_r2_v1.0.1.merged.paf	866079	177.550	1853	205004.37	688231.25	17669609	866079	0.816816	0.983388	0.021956	1.000000
NA18982_hap1_hprc_r2_v1.0.1.merged.paf	862532	180.071	2152	208770.05	679861.55	18984135	862532	0.820992	0.984726	0.018648	1.000000
NA18982_hap2_hprc_r2_v1.0.1.merged.paf	670367	140.491	2067	209572.74	702009.44	16771496	670367	0.816526	0.981422	0.024905	1.000000
NA18983_hap1_hprc_r2_v1.0.1.merged.paf	682821	133.400	2023	195366.16	660859.22	17554513	682821	0.811044	0.984757	0.019441	1.000000
NA18983_hap2_hprc_r2_v1.0.1.merged.paf	760447	159.390	1976	209600.30	703771.12	17855051	760447	0.817628	0.983188	0.022745	1.000000
NA19036_hap1_hprc_r2_v1.0.1.merged.paf	963258	181.615	1980	188542.24	589737.80	16768165	963258	0.815076	0.983247	0.021021	1.000000
NA19036_hap2_hprc_r2_v1.0.1.merged.paf	838156	164.979	2067	196836.04	609848.63	15110206	838156	0.825710	0.982499	0.022408	1.000000
NA19043_hap1_hprc_r2_v1.0.1.merged.paf	728226	133.402	2080	183187.33	582188.68	13123259	728226	0.827913	0.984766	0.017764	1.000000
NA19043_hap2_hprc_r2_v1.0.1.merged.paf	765809	156.807	1853	204760.49	612479.65	14379216	765809	0.813677	0.981090	0.024097	1.000000
NA19087_hap1_hprc_r2_v1.0.1.merged.paf	712249	150.299	1980	211020.68	687734.25	21769000	712249	0.821977	0.982724	0.023080	1.000000
NA19087_hap2_hprc_r2_v1.0.1.merged.paf	644648	143.506	2100	222611.15	709625.74	22286923	644648	0.819497	0.981933	0.023812	1.000000
NA19159_hap1_hprc_r2_v1.0.1.merged.paf	744842	153.370	1718	205909.16	615122.95	14968367	744842	0.807048	0.983292	0.020391	1.000000
NA19159_hap2_hprc_r2_v1.0.1.merged.paf	819568	156.974	1853	191532.04	596572.58	14955235	819568	0.825988	0.981489	0.022714	1.000000
NA19185_hap1_hprc_r2_v1.0.1.merged.paf	735355	129.030	2154	175465.84	570650.37	14538000	735355	0.814994	0.982669	0.022060	1.000000
NA19185_hap2_hprc_r2_v1.0.1.merged.paf	795796	163.006	2157	204834.31	622720.96	16796694	795796	0.817693	0.983750	0.020170	1.000000
NA19240_mat_hprc_r2_v1.0.1.merged.paf	873642	169.000	1760	193443.34	600436.25	14723631	873642	0.814760	0.983245	0.020523	1.000000
NA19240_pat_hprc_r2_v1.0.1.merged.paf	956361	177.533	1520	185634.12	581424.88	17833515	956361	0.820139	0.983283	0.021584	1.000000
NA19338_hap1_hprc_r2_v1.0.1.merged.paf	928932	195.658	1973	210627.20	627090.37	13399752	928932	0.814459	0.983080	0.022767	1.000000
NA19338_hap2_hprc_r2_v1.0.1.merged.paf	659522	128.866	2251	195393.55	604131.52	14961000	659522	0.828601	0.983446	0.020862	1.000000
NA19391_hap1_hprc_r2_v1.0.1.merged.paf	923982	168.736	2067	182618.10	583767.69	15318312	923982	0.810293	0.983314	0.020618	1.000000
NA19391_hap2_hprc_r2_v1.0.1.merged.paf	748626	154.500	2067	206377.51	620730.15	15468216	748626	0.814060	0.983694	0.020034	1.000000
NA19443_hap1_hprc_r2_v1.0.1.merged.paf	894506	154.870	2021	173134.77	560572.21	17181949	894506	0.819988	0.984000	0.019965	1.000000
NA19443_hap2_hprc_r2_v1.0.1.merged.paf	822761	153.734	1991	186851.52	593892.81	15899365	822761	0.825768	0.982148	0.021828	1.000000
NA19468_hap1_hprc_r2_v1.0.1.merged.paf	778666	147.191	2100	189029.30	592717.83	13931440	778666	0.821445	0.981845	0.022837	1.000000
NA19468_hap2_hprc_r2_v1.0.1.merged.paf	728580	134.768	2114	184973.51	587396.11	13359367	728580	0.818033	0.982303	0.022631	1.000000
NA19682_hap1_hprc_r2_v1.0.1.merged.paf	710327	139.342	1639	196165.45	656362.59	22783248	710327	0.822640	0.983893	0.020522	1.000000
NA19682_hap2_hprc_r2_v1.0.1.merged.paf	787755	159.662	2281	202679.47	681199.21	22128039	787755	0.821623	0.983558	0.021553	1.000000
NA19700_hap1_hprc_r2_v1.0.1.merged.paf	851034	162.950	1853	191473.29	603490.12	14911002	851034	0.817792	0.984131	0.019798	1.000000
NA19700_hap2_hprc_r2_v1.0.1.merged.paf	913490	174.825	1981	191380.93	603297.47	17706348	913490	0.821374	0.981775	0.023055	1.000000
NA19776_hap1_hprc_r2_v1.0.1.merged.paf	810495	168.120	1631	207428.39	688682.84	19188359	810495	0.814129	0.983065	0.023406	1.000000
NA19776_hap2_hprc_r2_v1.0.1.merged.paf	926747	187.078	2439	201865.71	680252.05	21545231	926747	0.810318	0.982803	0.022631	1.000000
NA19835_hap1_hprc_r2_v1.0.1.merged.paf	789160	149.951	1853	190013.32	601231.51	14401503	789160	0.807840	0.982289	0.022376	1.000000
NA19835_hap2_hprc_r2_v1.0.1.merged.paf	830353	156.589	1849	188581.75	604585.97	15423127	830353	0.814971	0.983332	0.021280	1.000000
NA19909_hap1_hprc_r2_v1.0.1.merged.paf	640517	131.790	2127	205755.28	628939.61	18773977	640517	0.822533	0.983492	0.020696	1.000000
NA19909_hap2_hprc_r2_v1.0.1.merged.paf	746602	153.402	2067	205466.35	628560.51	18358828	746602	0.821179	0.983194	0.021436	1.000000
NA20129_mat_hprc_r2_v1.0.1.merged.paf	858693	165.716	1980	192986.16	619189.93	17484581	858693	0.818556	0.983764	0.020775	1.000000
NA20129_pat_hprc_r2_v1.0.1.merged.paf	974403	186.575	2140	191475.94	595045.77	15105686	974403	0.826693	0.982063	0.022665	1.000000
NA20282_hap1_hprc_r2_v1.0.1.merged.paf	835941	168.203	2067	201214.55	632064.29	16409312	835941	0.818392	0.982280	0.022994	1.000000
NA20282_hap2_hprc_r2_v1.0.1.merged.paf	718267	140.092	2169	195041.75	617031.44	17109125	718267	0.807080	0.980839	0.025594	1.000000
NA20346_hap1_hprc_r2_v1.0.1.merged.paf	796474	154.190	2223	193590.64	611005.19	16026133	796474	0.826191	0.984688	0.018285	1.000000
NA20346_hap2_hprc_r2_v1.0.1.merged.paf	691214	144.296	1986	208757.82	641093.01	16569000	691214	0.815497	0.983228	0.022539	1.000000
NA20503_hap1_hprc_r2_v1.0.1.merged.paf	827448	165.671	2157	200218.99	662375.26	18836485	827448	0.813261	0.983355	0.021231	1.000000
NA20503_hap2_hprc_r2_v1.0.1.merged.paf	896494	169.545	1853	189120.20	653896.21	16618524	896494	0.814736	0.984104	0.020642	1.000000
NA20752_hap1_hprc_r2_v1.0.1.merged.paf	819732	154.269	2021	188194.76	648383.19	17791217	819732	0.796819	0.984198	0.020087	1.000000
NA20752_hap2_hprc_r2_v1.0.1.merged.paf	969952	193.898	1853	199904.59	673445.75	18013059	969952	0.819045	0.984003	0.020546	1.000000
NA20762_hap1_hprc_r2_v1.0.1.merged.paf	777865	150.898	2223	193990.20	648141.07	18257558	777865	0.819105	0.983782	0.020817	1.000000
NA20762_hap2_hprc_r2_v1.0.1.merged.paf	732687	153.377	2123	209335.25	695162.41	20423129	732687	0.818065	0.982445	0.023376	1.000000
NA20799_hap1_hprc_r2_v1.0.1.merged.paf	765275	150.086	1835	196119.94	654385.75	18052840	765275	0.816934	0.982546	0.022177	1.000000
NA20799_hap2_hprc_r2_v1.0.1.merged.paf	836964	159.231	1760	190247.86	649449.18	18436429	836964	0.819639	0.982927	0.022648	1.000000
NA20805_hap1_hprc_r2_v1.0.1.merged.paf	699234	136.237	1760	194836.81	651298.09	15959044	699234	0.822592	0.985179	0.018037	1.000000
NA20805_hap2_hprc_r2_v1.0.1.merged.paf	1026314	196.553	1853	191513.04	653625.25	21532617	1026314	0.818817	0.983281	0.021857	1.000000
NA20806_hap1_hprc_r2_v1.0.1.merged.paf	954409	169.296	1979	177383.28	624487.34	21618982	954409	0.811374	0.983700	0.021492	1.000000
NA20806_hap2_hprc_r2_v1.0.1.merged.paf	630302	131.823	2226	209143.10	698938.78	22161880	630302	0.812753	0.983837	0.021753	1.000000
NA20809_hap1_hprc_r2_v1.0.1.merged.paf	757515	148.504	2036	196041.65	656666.10	17066142	757515	0.812235	0.985379	0.017334	1.000000
NA20809_hap2_hprc_r2_v1.0.1.merged.paf	738434	147.553	1927	199819.39	671871.91	18095164	738434	0.807823	0.980587	0.025096	1.000000
NA20827_hap1_hprc_r2_v1.0.1.merged.paf	858342	160.178	1907	186612.84	645083.57	22594205	858342	0.812750	0.985260	0.017610	1.000000
NA20827_hap2_hprc_r2_v1.0.1.merged.paf	786379	154.129	1856	195998.56	654914.29	20741438	786379	0.820318	0.983060	0.021327	1.000000
NA20850_hap1_hprc_r2_v1.0.1.merged.paf	741497	133.533	1853	180085.19	641547.44	15469705	741497	0.822755	0.983971	0.021787	1.000000
NA20850_hap2_hprc_r2_v1.0.1.merged.paf	705699	141.765	1852	200885.43	659152.31	17097000	705699	0.811818	0.983939	0.021430	1.000000
NA20870_hap1_hprc_r2_v1.0.1.merged.paf	900068	168.839	2223	187585.00	641944.03	21631762	900068	0.815066	0.985346	0.020031	1.000000
NA20870_hap2_hprc_r2_v1.0.1.merged.paf	794719	159.707	1907	200960.10	664085.52	17673966	794719	0.810867	0.983898	0.021131	1.000000
NA20905_hap1_hprc_r2_v1.0.1.merged.paf	709070	144.896	1853	204347.05	665566.66	18568994	709070	0.821965	0.985100	0.019019	1.000000
NA20905_hap2_hprc_r2_v1.0.1.merged.paf	1024643	214.859	2100	209691.27	687071.44	22609394	1024643	0.797830	0.982374	0.022456	1.000000
NA21093_hap1_hprc_r2_v1.0.1.merged.paf	855614	183.569	2157	214546.89	683698.77	17161000	855614	0.825266	0.984686	0.019385	1.000000
NA21093_hap2_hprc_r2_v1.0.1.merged.paf	825728	168.413	2281	203957.16	673599.91	17691352	825728	0.813645	0.982151	0.024240	1.000000
NA21102_hap1_hprc_r2_v1.0.1.merged.paf	783749	156.567	1907	199766.76	668357.59	18071178	783749	0.822923	0.984045	0.021110	1.000000
NA21102_hap2_hprc_r2_v1.0.1.merged.paf	810001	168.519	2309	208048.23	688650.89	16600209	810001	0.825131	0.982816	0.022471	1.000000
NA21106_hap1_hprc_r2_v1.0.1.merged.paf	975466	205.495	2169	210663.16	690636.00	17637958	975466	0.810463	0.982637	0.022502	1.000000
NA21106_hap2_hprc_r2_v1.0.1.merged.paf	983491	191.172	1526	194381.20	666340.73	25230213	983491	0.823190	0.984325	0.019344	1.000000
NA21110_hap1_hprc_r2_v1.0.1.merged.paf	830916	171.648	2137	206577.19	680558.68	19840880	830916	0.810896	0.980355	0.025626	1.000000
NA21110_hap2_hprc_r2_v1.0.1.merged.paf	753761	153.226	2145	203281.80	674277.78	20634259	753761	0.825173	0.983745	0.021186	1.000000
NA21144_hap1_hprc_r2_v1.0.1.merged.paf	958029	177.225	1760	184988.88	648921.64	20283637	958029	0.807785	0.984144	0.021668	1.000000
NA21144_hap2_hprc_r2_v1.0.1.merged.paf	908589	187.287	1907	206129.60	675460.36	20494023	908589	0.815953	0.982783	0.022982	1.000000
NA21309_mat_hprc_r2_v1.0.1.merged.paf	726846	134.753	2021	185393.88	603335.55	14051607	726846	0.825606	0.982860	0.020972	1.000000
NA21309_pat_hprc_r2_v1.0.1.merged.paf	868550	168.543	1853	194050.60	607809.20	18307103	868550	0.813200	0.982675	0.022271	1.000000
TOTAL	389234668	76700.295	881	197054.12	647803.65	30108567	389234668	0.790134	0.983122	0.022187	1.000000
