file	num_pairs	val1_min	val1_avg	val1_std	val1_max	val2_min	val2_avg	val2_std	val2_max
GCA_000001405.15_GRCh38_no_alt_analysis_set.PanSN.merged.diagonal-distance.32.tp.paf	106183202	0	13121.11	47769.56	2262737	0	13135.73	47765.66	2262764
HG00097_hap1_hprc_r2_v1.0.1.merged.diagonal-distance.32.tp.paf	9293933	0	17430.21	59871.88	3036479	0	17474.18	59859.35	3036491
HG00097_hap2_hprc_r2_v1.0.1.merged.diagonal-distance.32.tp.paf	9967703	0	16270.48	57909.09	3126141	0	16314.77	57896.94	3126146
HG00099_hap1_hprc_r2_v1.0.1.merged.diagonal-distance.32.tp.paf	7246774	0	17356.59	60767.45	4313907	0	17396.73	60756.21	4313935
HG00099_hap2_hprc_r2_v1.0.1.merged.diagonal-distance.32.tp.paf	8370914	0	17508.44	59671.40	3058271	0	17549.21	59659.59	3058289
HG00126_hap1_hprc_r2_v1.0.1.merged.diagonal-distance.32.tp.paf	8733946	0	16617.77	57555.89	3205413	0	16656.76	57544.95	3205413
HG00126_hap2_hprc_r2_v1.0.1.merged.diagonal-distance.32.tp.paf	11390236	0	16662.96	59274.10	4391333	0	16708.39	59261.64	4391301
HG00128_hap1_hprc_r2_v1.0.1.merged.diagonal-distance.32.tp.paf	8381444	0	17839.09	62183.25	4040919	0	17885.51	62170.23	4040889
HG00128_hap2_hprc_r2_v1.0.1.merged.diagonal-distance.32.tp.paf	8917733	0	16495.78	59093.61	3181279	0	16540.20	59081.48	3181272
HG00133_hap1_hprc_r2_v1.0.1.merged.diagonal-distance.32.tp.paf	8560450	0	16459.83	58998.79	3390349	0	16502.03	58987.33	3390365
HG00133_hap2_hprc_r2_v1.0.1.merged.diagonal-distance.32.tp.paf	10196904	0	16492.20	57612.36	3959951	0	16534.04	57600.75	3959953
HG00140_hap1_hprc_r2_v1.0.1.merged.diagonal-distance.32.tp.paf	9473521	0	16518.16	58604.00	3077439	0	16562.29	58592.02	3077407
HG00140_hap2_hprc_r2_v1.0.1.merged.diagonal-distance.32.tp.paf	11210935	0	16895.75	58169.57	3176452	0	16939.62	58157.28	3176473
HG00146_hap1_hprc_r2_v1.0.1.merged.diagonal-distance.32.tp.paf	10194773	0	16708.89	58665.00	3601069	0	16750.05	58653.54	3601086
HG00146_hap2_hprc_r2_v1.0.1.merged.diagonal-distance.32.tp.paf	9073668	0	17569.07	60510.48	2956744	0	17609.66	60499.09	2956722
HG00232_hap1_hprc_r2_v1.0.1.merged.diagonal-distance.32.tp.paf	8503924	0	17875.13	61559.09	4314612	0	17919.35	61546.66	4314584
HG00232_hap2_hprc_r2_v1.0.1.merged.diagonal-distance.32.tp.paf	11770005	0	16764.22	58401.23	4451791	0	16805.95	58389.55	4451759
HG00235_hap1_hprc_r2_v1.0.1.merged.diagonal-distance.32.tp.paf	9953449	0	15982.08	57810.52	3991279	0	16024.22	57799.05	3991268
HG00235_hap2_hprc_r2_v1.0.1.merged.diagonal-distance.32.tp.paf	7196344	0	16976.60	59497.32	3771716	0	17019.23	59485.42	3771744
HG00253_hap1_hprc_r2_v1.0.1.merged.diagonal-distance.32.tp.paf	10530459	0	16503.13	56771.70	3538956	0	16544.72	56760.04	3538942
HG00253_hap2_hprc_r2_v1.0.1.merged.diagonal-distance.32.tp.paf	8715780	0	17182.27	59880.66	3375798	0	17225.33	59868.74	3375828
HG00272_hap1_hprc_r2_v1.0.1.merged.diagonal-distance.32.tp.paf	12858660	0	17328.46	60802.89	9261354	0	17371.91	60790.74	9261381
HG00272_hap2_hprc_r2_v1.0.1.merged.diagonal-distance.32.tp.paf	9527256	0	17046.26	59828.05	9261381	0	17089.02	59816.10	9261354
HG00280_hap1_hprc_r2_v1.0.1.merged.diagonal-distance.32.tp.paf	10381432	0	16790.59	58432.53	5318650	0	16832.55	58420.76	5318671
HG00280_hap2_hprc_r2_v1.0.1.merged.diagonal-distance.32.tp.paf	8234880	0	17054.77	61202.52	3377300	0	17096.47	61191.22	3377297
HG00290_hap1_hprc_r2_v1.0.1.merged.diagonal-distance.32.tp.paf	7617342	0	17032.65	59722.01	8598336	0	17075.24	59710.18	8598355
HG00290_hap2_hprc_r2_v1.0.1.merged.diagonal-distance.32.tp.paf	8828049	0	16610.63	57975.25	3087388	0	16655.16	57962.90	3087388
HG00320_hap1_hprc_r2_v1.0.1.merged.diagonal-distance.32.tp.paf	9548987	0	16659.99	58783.42	4584802	0	16700.79	58772.19	4584772
HG00320_hap2_hprc_r2_v1.0.1.merged.diagonal-distance.32.tp.paf	9697410	0	17597.69	61380.18	5287206	0	17639.16	61368.66	5287187
HG00321_hap1_hprc_r2_v1.0.1.merged.diagonal-distance.32.tp.paf	8364627	0	17000.99	59884.39	3823082	0	17043.40	59872.74	3823073
HG00321_hap2_hprc_r2_v1.0.1.merged.diagonal-distance.32.tp.paf	9474677	0	17183.58	59962.07	5230445	0	17227.35	59949.94	5230440
HG00323_hap1_hprc_r2_v1.0.1.merged.diagonal-distance.32.tp.paf	8923758	0	17218.16	60485.44	5722935	0	17262.01	60473.33	5722967
HG00323_hap2_hprc_r2_v1.0.1.merged.diagonal-distance.32.tp.paf	11253615	0	16797.46	59863.75	4766129	0	16840.12	59852.12	4766142
HG00329_hap1_hprc_r2_v1.0.1.merged.diagonal-distance.32.tp.paf	9913051	0	16144.05	57322.75	3853792	0	16189.05	57310.42	3853815
HG00329_hap2_hprc_r2_v1.0.1.merged.diagonal-distance.32.tp.paf	9599796	0	16811.13	59864.49	3050428	0	16855.09	59852.48	3050436
HG00344_hap1_hprc_r2_v1.0.1.merged.diagonal-distance.32.tp.paf	9666264	0	16751.83	58044.19	3578352	0	16791.16	58033.19	3578375
HG00344_hap2_hprc_r2_v1.0.1.merged.diagonal-distance.32.tp.paf	9896532	0	16639.58	59063.64	4200560	0	16682.47	59051.87	4200547
HG00350_hap1_hprc_r2_v1.0.1.merged.diagonal-distance.32.tp.paf	9141164	0	17040.13	59976.93	6191347	0	17082.78	59965.14	6191362
HG00350_hap2_hprc_r2_v1.0.1.merged.diagonal-distance.32.tp.paf	10558159	0	17069.29	59158.88	3528114	0	17111.55	59147.06	3528146
HG00408_mat_hprc_r2_v1.0.1.merged.diagonal-distance.32.tp.paf	7879048	0	16659.11	58965.31	4178641	0	16701.10	58954.00	4178613
HG00408_pat_hprc_r2_v1.0.1.merged.diagonal-distance.32.tp.paf	9674069	0	17355.45	60736.03	2814521	0	17400.57	60723.73	2814495
HG00423_mat_hprc_r2_v1.0.1.merged.diagonal-distance.32.tp.paf	9034744	0	17634.62	61382.94	2964858	0	17676.87	61371.38	2964828
HG00423_pat_hprc_r2_v1.0.1.merged.diagonal-distance.32.tp.paf	9825100	0	17113.71	59928.32	3037835	0	17157.27	59916.52	3037849
HG00438_mat_hprc_r2_v1.0.1.merged.diagonal-distance.32.tp.paf	9555554	0	16015.99	57801.82	3040741	0	16058.51	57790.55	3040756
HG00438_pat_hprc_r2_v1.0.1.merged.diagonal-distance.32.tp.paf	10773188	0	16784.15	58956.20	2888122	0	16827.22	58944.48	2888153
HG00544_mat_hprc_r2_v1.0.1.merged.diagonal-distance.32.tp.paf	8528457	0	17178.11	60114.30	3116832	0	17221.81	60102.45	3116863
HG00544_pat_hprc_r2_v1.0.1.merged.diagonal-distance.32.tp.paf	10145568	0	16834.27	59259.94	3312204	0	16877.85	59248.21	3312177
HG00558_mat_hprc_r2_v1.0.1.merged.diagonal-distance.32.tp.paf	9107559	0	17728.96	62424.25	3744939	0	17774.31	62411.78	3744927
HG00558_pat_hprc_r2_v1.0.1.merged.diagonal-distance.32.tp.paf	10174685	0	17775.96	61300.22	4047163	0	17817.72	61288.56	4047162
HG00597_mat_hprc_r2_v1.0.1.merged.diagonal-distance.32.tp.paf	10766476	0	17885.29	62589.65	4220920	0	17929.09	62577.70	4220894
HG00597_pat_hprc_r2_v1.0.1.merged.diagonal-distance.32.tp.paf	8665695	0	16949.03	60980.80	2889976	0	16991.12	60969.66	2889944
HG005_mat_hprc_r2_v1.0.1.merged.diagonal-distance.32.tp.paf	9572591	0	16581.72	58445.61	2817899	0	16624.54	58434.03	2817883
HG005_pat_hprc_r2_v1.0.1.merged.diagonal-distance.32.tp.paf	9761395	0	16362.54	59006.24	2995477	0	16409.09	58993.92	2995474
HG00609_mat_hprc_r2_v1.0.1.merged.diagonal-distance.32.tp.paf	11808202	0	16871.47	59054.68	6703667	0	16914.29	59043.09	6703697
HG00609_pat_hprc_r2_v1.0.1.merged.diagonal-distance.32.tp.paf	10370748	0	16238.30	57753.92	2926078	0	16281.58	57742.41	2926110
HG00621_mat_hprc_r2_v1.0.1.merged.diagonal-distance.32.tp.paf	7645708	0	18040.45	63180.40	5017155	0	18084.18	63168.48	5017181
HG00621_pat_hprc_r2_v1.0.1.merged.diagonal-distance.32.tp.paf	8558476	0	16533.51	57855.76	3168615	0	16576.52	57844.07	3168587
HG00639_mat_hprc_r2_v1.0.1.merged.diagonal-distance.32.tp.paf	11302136	0	16947.62	57956.99	3184279	0	16985.64	57946.16	3184271
HG00639_pat_hprc_r2_v1.0.1.merged.diagonal-distance.32.tp.paf	10489588	0	16852.14	58724.65	4089723	0	16895.97	58712.33	4089710
HG00642_mat_hprc_r2_v1.0.1.merged.diagonal-distance.32.tp.paf	9119588	0	16423.66	58245.15	10126031	0	16466.19	58233.68	10126035
HG00642_pat_hprc_r2_v1.0.1.merged.diagonal-distance.32.tp.paf	11262962	0	15244.93	56365.27	6030211	0	15286.77	56354.45	6030243
HG00658_mat_hprc_r2_v1.0.1.merged.diagonal-distance.32.tp.paf	9814707	0	17426.40	61892.16	4142987	0	17469.70	61880.40	4142989
HG00658_pat_hprc_r2_v1.0.1.merged.diagonal-distance.32.tp.paf	10230813	0	16499.08	57769.47	2788565	0	16540.27	57758.16	2788540
HG00673_mat_hprc_r2_v1.0.1.merged.diagonal-distance.32.tp.paf	9216398	0	16957.13	60370.81	3956531	0	17001.61	60358.90	3956507
HG00673_pat_hprc_r2_v1.0.1.merged.diagonal-distance.32.tp.paf	9220708	0	16331.81	58329.66	2950748	0	16372.65	58318.76	2950731
HG00706_mat_hprc_r2_v1.0.1.merged.diagonal-distance.32.tp.paf	8417825	0	17753.78	62678.36	3406363	0	17796.20	62666.94	3406355
HG00706_pat_hprc_r2_v1.0.1.merged.diagonal-distance.32.tp.paf	9679849	0	15260.19	57236.07	2894332	0	15301.95	57225.52	2894363
HG00733_mat_hprc_r2_v1.0.1.merged.diagonal-distance.32.tp.paf	12192639	0	17329.73	60542.88	16107595	0	17371.79	60531.03	16107614
HG00733_pat_hprc_r2_v1.0.1.merged.diagonal-distance.32.tp.paf	10896437	0	17061.13	59275.28	5656094	0	17102.94	59263.42	5656086
HG00735_mat_hprc_r2_v1.0.1.merged.diagonal-distance.32.tp.paf	8925728	0	17222.28	59587.33	8368106	0	17266.71	59574.92	8368104
HG00735_pat_hprc_r2_v1.0.1.merged.diagonal-distance.32.tp.paf	8725242	0	16779.13	57903.28	3461544	0	16820.11	57891.86	3461512
HG00738_mat_hprc_r2_v1.0.1.merged.diagonal-distance.32.tp.paf	9705592	0	16675.63	58579.34	4208878	0	16719.21	58567.35	4208899
HG00738_pat_hprc_r2_v1.0.1.merged.diagonal-distance.32.tp.paf	10715732	0	16506.15	58399.78	6581271	0	16548.54	58388.26	6581281
HG00741_mat_hprc_r2_v1.0.1.merged.diagonal-distance.32.tp.paf	9370431	0	16953.48	58997.23	5948250	0	16995.27	58985.65	5948234
HG00741_pat_hprc_r2_v1.0.1.merged.diagonal-distance.32.tp.paf	7673997	0	17149.44	59237.43	3184761	0	17193.16	59225.21	3184766
HG01071_mat_hprc_r2_v1.0.1.merged.diagonal-distance.32.tp.paf	8555651	0	16701.46	58522.01	16424112	0	16744.04	58510.19	16424144
HG01071_pat_hprc_r2_v1.0.1.merged.diagonal-distance.32.tp.paf	8850656	0	17247.80	60247.58	13614668	0	17291.93	60235.24	13614638
HG01074_mat_hprc_r2_v1.0.1.merged.diagonal-distance.32.tp.paf	10881520	0	17705.73	61674.99	5305760	0	17748.59	61662.92	5305730
HG01074_pat_hprc_r2_v1.0.1.merged.diagonal-distance.32.tp.paf	8900027	0	16564.94	58716.41	5949675	0	16606.63	58704.95	5949654
HG01081_mat_hprc_r2_v1.0.1.merged.diagonal-distance.32.tp.paf	8243942	0	17054.28	58493.87	8161035	0	17095.93	58481.99	8161037
HG01081_pat_hprc_r2_v1.0.1.merged.diagonal-distance.32.tp.paf	9288146	0	17444.15	59213.40	6255963	0	17484.57	59201.78	6255954
HG01099_mat_hprc_r2_v1.0.1.merged.diagonal-distance.32.tp.paf	10638600	0	16603.52	58424.82	3921620	0	16644.99	58413.43	3921641
HG01099_pat_hprc_r2_v1.0.1.merged.diagonal-distance.32.tp.paf	11423129	0	16573.57	57565.44	3908621	0	16614.62	57554.07	3908644
HG01106_mat_hprc_r2_v1.0.1.merged.diagonal-distance.32.tp.paf	9438254	0	17473.96	58859.15	4089689	0	17513.92	58847.75	4089684
HG01106_pat_hprc_r2_v1.0.1.merged.diagonal-distance.32.tp.paf	9146197	0	16190.13	56343.78	3548355	0	16234.31	56331.56	3548385
HG01109_mat_hprc_r2_v1.0.1.merged.diagonal-distance.32.tp.paf	9781036	0	15332.80	52623.35	7722173	0	15372.86	52612.06	7722158
HG01109_pat_hprc_r2_v1.0.1.merged.diagonal-distance.32.tp.paf	7638455	0	15465.39	54350.66	10340773	0	15508.76	54338.71	10340749
HG01123_mat_hprc_r2_v1.0.1.merged.diagonal-distance.32.tp.paf	8185389	0	17160.14	59897.61	3825441	0	17201.31	59886.07	3825410
HG01123_pat_hprc_r2_v1.0.1.merged.diagonal-distance.32.tp.paf	9912750	0	16988.96	59484.90	3919628	0	17029.89	59473.57	3919631
HG01150_mat_hprc_r2_v1.0.1.merged.diagonal-distance.32.tp.paf	11117804	0	17045.47	59132.08	3287305	0	17089.97	59119.57	3287335
HG01150_pat_hprc_r2_v1.0.1.merged.diagonal-distance.32.tp.paf	8604837	0	16240.76	57186.33	5320119	0	16280.57	57175.31	5320094
HG01167_hap1_hprc_r2_v1.0.1.merged.diagonal-distance.32.tp.paf	11916038	0	16407.93	56943.13	14021204	0	16451.40	56930.99	14021183
HG01167_hap2_hprc_r2_v1.0.1.merged.diagonal-distance.32.tp.paf	8267941	0	15875.31	56384.88	5731963	0	15919.81	56372.74	5731948
HG01175_mat_hprc_r2_v1.0.1.merged.diagonal-distance.32.tp.paf	8661597	0	17603.33	62524.38	7773081	0	17648.16	62512.12	7773106
HG01175_pat_hprc_r2_v1.0.1.merged.diagonal-distance.32.tp.paf	10425726	0	16942.86	58626.21	3485461	0	16985.75	58614.25	3485463
HG01192_mat_hprc_r2_v1.0.1.merged.diagonal-distance.32.tp.paf	10204960	0	17419.68	60920.44	5901536	0	17459.65	60909.35	5901566
HG01192_pat_hprc_r2_v1.0.1.merged.diagonal-distance.32.tp.paf	8656307	0	15718.89	56685.04	7050350	0	15765.77	56672.42	7050381
HG01243_mat_hprc_r2_v1.0.1.merged.diagonal-distance.32.tp.paf	10356009	0	16249.67	53582.72	3812434	0	16288.76	53571.26	3812433
HG01243_pat_hprc_r2_v1.0.1.merged.diagonal-distance.32.tp.paf	11888453	0	15411.60	52282.13	4936669	0	15454.02	52270.10	4936645
HG01252_mat_hprc_r2_v1.0.1.merged.diagonal-distance.32.tp.paf	7617264	0	17687.61	60947.35	3879455	0	17731.42	60934.85	3879430
HG01252_pat_hprc_r2_v1.0.1.merged.diagonal-distance.32.tp.paf	8968559	0	16481.30	58195.45	3785023	0	16527.28	58182.70	3785034
HG01255_mat_hprc_r2_v1.0.1.merged.diagonal-distance.32.tp.paf	8249752	0	17341.83	58894.65	3870492	0	17385.88	58882.15	3870462
HG01255_pat_hprc_r2_v1.0.1.merged.diagonal-distance.32.tp.paf	9536466	0	16398.44	57346.95	9428925	0	16439.97	57335.48	9428957
HG01258_mat_hprc_r2_v1.0.1.merged.diagonal-distance.32.tp.paf	8753600	0	17125.42	59507.54	4268066	0	17169.57	59495.27	4268088
HG01258_pat_hprc_r2_v1.0.1.merged.diagonal-distance.32.tp.paf	8842853	0	16043.85	57393.89	7065454	0	16085.34	57382.64	7065424
HG01261_mat_hprc_r2_v1.0.1.merged.diagonal-distance.32.tp.paf	8587821	0	17459.07	59311.77	3440906	0	17502.65	59299.32	3440878
HG01261_pat_hprc_r2_v1.0.1.merged.diagonal-distance.32.tp.paf	6240403	0	16585.50	58687.87	13621272	0	16627.42	58676.39	13621304
HG01346_mat_hprc_r2_v1.0.1.merged.diagonal-distance.32.tp.paf	10200511	0	17427.52	60310.82	4944607	0	17470.34	60298.87	4944636
HG01346_pat_hprc_r2_v1.0.1.merged.diagonal-distance.32.tp.paf	6632425	0	17092.96	60349.45	3685403	0	17136.03	60337.65	3685415
HG01358_mat_hprc_r2_v1.0.1.merged.diagonal-distance.32.tp.paf	11297003	0	17320.87	60044.62	7922612	0	17366.18	60031.94	7922588
HG01358_pat_hprc_r2_v1.0.1.merged.diagonal-distance.32.tp.paf	9450730	0	16836.06	58270.23	8223276	0	16880.37	58257.77	8223244
HG01361_mat_hprc_r2_v1.0.1.merged.diagonal-distance.32.tp.paf	9928223	0	16913.88	59752.41	4475028	0	16956.86	59740.60	4475032
HG01361_pat_hprc_r2_v1.0.1.merged.diagonal-distance.32.tp.paf	9347253	0	17027.04	59600.22	3485463	0	17070.54	59588.08	3485461
HG01433_mat_hprc_r2_v1.0.1.merged.diagonal-distance.32.tp.paf	8856283	0	17508.68	60309.41	13029453	0	17550.89	60297.64	13029430
HG01433_pat_hprc_r2_v1.0.1.merged.diagonal-distance.32.tp.paf	8719919	0	16222.14	56679.07	6582924	0	16266.64	56666.83	6582945
HG01496_mat_hprc_r2_v1.0.1.merged.diagonal-distance.32.tp.paf	8566916	0	16701.92	57842.20	13621304	0	16744.79	57830.29	13621272
HG01496_pat_hprc_r2_v1.0.1.merged.diagonal-distance.32.tp.paf	8866270	0	17847.61	61860.73	6080503	0	17890.62	61848.75	6080526
HG01530_hap1_hprc_r2_v1.0.1.merged.diagonal-distance.32.tp.paf	8735896	0	16556.91	58175.39	2544832	0	16601.13	58163.10	2544863
HG01530_hap2_hprc_r2_v1.0.1.merged.diagonal-distance.32.tp.paf	9993899	0	16809.91	59765.08	3853815	0	16850.51	59753.95	3853792
HG01784_hap1_hprc_r2_v1.0.1.merged.diagonal-distance.32.tp.paf	10427373	0	17603.51	60040.04	2796423	0	17646.14	60027.91	2796453
HG01784_hap2_hprc_r2_v1.0.1.merged.diagonal-distance.32.tp.paf	8377291	0	16038.09	57948.02	4072731	0	16083.61	57935.82	4072701
HG01786_hap1_hprc_r2_v1.0.1.merged.diagonal-distance.32.tp.paf	9197399	0	16678.11	58508.73	4206629	0	16721.71	58496.75	4206599
HG01786_hap2_hprc_r2_v1.0.1.merged.diagonal-distance.32.tp.paf	9656524	0	17073.24	58907.96	3245987	0	17113.33	58896.67	3245961
HG01884_mat_hprc_r2_v1.0.1.merged.diagonal-distance.32.tp.paf	8275585	0	15192.05	49899.78	4641635	0	15236.97	49886.41	4641646
HG01884_pat_hprc_r2_v1.0.1.merged.diagonal-distance.32.tp.paf	8361329	0	15709.42	50369.33	3583189	0	15747.89	50357.63	3583207
HG01891_mat_hprc_r2_v1.0.1.merged.diagonal-distance.32.tp.paf	10429954	0	14873.86	48749.80	4391408	0	14912.55	48738.36	4391436
HG01891_pat_hprc_r2_v1.0.1.merged.diagonal-distance.32.tp.paf	9476778	0	15426.79	50483.47	3075919	0	15466.92	50471.53	3075948
HG01928_mat_hprc_r2_v1.0.1.merged.diagonal-distance.32.tp.paf	9658076	0	17097.43	59232.51	3040459	0	17142.69	59219.87	3040465
HG01928_pat_hprc_r2_v1.0.1.merged.diagonal-distance.32.tp.paf	9242355	0	15708.04	58154.64	3632480	0	15750.57	58143.53	3632475
HG01934_mat_hprc_r2_v1.0.1.merged.diagonal-distance.32.tp.paf	8503222	0	17020.77	59563.52	4297767	0	17063.35	59551.92	4297798
HG01934_pat_hprc_r2_v1.0.1.merged.diagonal-distance.32.tp.paf	12978767	0	16868.82	59345.04	5660405	0	16909.16	59334.11	5660425
HG01940_mat_hprc_r2_v1.0.1.merged.diagonal-distance.32.tp.paf	7319207	0	16643.68	60115.01	3122388	0	16686.68	60103.36	3122356
HG01940_pat_hprc_r2_v1.0.1.merged.diagonal-distance.32.tp.paf	9502373	0	16787.92	59538.30	4717558	0	16831.51	59526.35	4717552
HG01943_mat_hprc_r2_v1.0.1.merged.diagonal-distance.32.tp.paf	8592515	0	17438.04	60551.52	3080500	0	17480.48	60539.70	3080532
HG01943_pat_hprc_r2_v1.0.1.merged.diagonal-distance.32.tp.paf	7501665	0	16176.89	59461.68	4846462	0	16219.05	59450.57	4846465
HG01952_mat_hprc_r2_v1.0.1.merged.diagonal-distance.32.tp.paf	9340303	0	16984.06	60369.36	3859148	0	17026.04	60357.97	3859177
HG01952_pat_hprc_r2_v1.0.1.merged.diagonal-distance.32.tp.paf	8634654	0	15748.89	56101.60	3879710	0	15795.65	56089.03	3879731
HG01960_mat_hprc_r2_v1.0.1.merged.diagonal-distance.32.tp.paf	11837576	0	15492.63	51139.96	3430903	0	15533.22	51128.00	3430880
HG01960_pat_hprc_r2_v1.0.1.merged.diagonal-distance.32.tp.paf	10139062	0	15679.74	52425.79	2969680	0	15718.34	52414.54	2969650
HG01969_mat_hprc_r2_v1.0.1.merged.diagonal-distance.32.tp.paf	9280924	0	17476.76	62153.10	3526712	0	17521.56	62140.85	3526680
HG01969_pat_hprc_r2_v1.0.1.merged.diagonal-distance.32.tp.paf	11462278	0	15512.46	58801.76	4208386	0	15552.47	58791.51	4208403
HG01975_mat_hprc_r2_v1.0.1.merged.diagonal-distance.32.tp.paf	9268703	0	17450.94	61436.78	3257553	0	17493.21	61425.13	3257524
HG01975_pat_hprc_r2_v1.0.1.merged.diagonal-distance.32.tp.paf	13471918	0	15354.14	56380.34	12890067	0	15394.01	56369.87	12890052
HG01978_mat_hprc_r2_v1.1.0.merged.diagonal-distance.32.tp.paf	12383170	0	17255.04	60829.47	3661253	0	17299.74	60817.13	3661222
HG01978_pat_hprc_r2_v1.1.0.merged.diagonal-distance.32.tp.paf	6947992	0	17131.03	60006.86	3819492	0	17174.02	59994.97	3819477
HG01981_mat_hprc_r2_v1.0.1.merged.diagonal-distance.32.tp.paf	9631394	0	16548.63	57921.08	3032757	0	16592.83	57909.14	3032772
HG01981_pat_hprc_r2_v1.0.1.merged.diagonal-distance.32.tp.paf	8824349	0	17609.48	61070.56	5795223	0	17650.24	61059.50	5795252
HG01993_mat_hprc_r2_v1.0.1.merged.diagonal-distance.32.tp.paf	9855296	0	16988.29	61879.55	4424961	0	17029.93	61868.49	4424954
HG01993_pat_hprc_r2_v1.0.1.merged.diagonal-distance.32.tp.paf	8193300	0	17849.52	61661.91	4307863	0	17893.99	61649.43	4307873
HG02004_mat_hprc_r2_v1.0.1.merged.diagonal-distance.32.tp.paf	10104500	0	17833.61	62736.74	4863337	0	17876.12	62725.05	4863306
HG02004_pat_hprc_r2_v1.0.1.merged.diagonal-distance.32.tp.paf	10488747	0	17482.58	61097.64	3937285	0	17525.71	61085.71	3937289
HG02015_mat_hprc_r2_v1.0.1.merged.diagonal-distance.32.tp.paf	8070122	0	17382.71	60397.81	3280203	0	17423.68	60386.52	3280179
HG02015_pat_hprc_r2_v1.0.1.merged.diagonal-distance.32.tp.paf	8715594	0	16957.02	59803.78	3344834	0	17001.62	59791.68	3344853
HG02027_mat_hprc_r2_v1.0.1.merged.diagonal-distance.32.tp.paf	10244051	0	17203.89	59743.36	3314824	0	17247.97	59731.26	3314835
HG02027_pat_hprc_r2_v1.0.1.merged.diagonal-distance.32.tp.paf	8705731	0	16934.83	60105.21	2571634	0	16979.53	60093.18	2571610
HG02040_hap1_hprc_r2_v1.0.1.merged.diagonal-distance.32.tp.paf	8148526	0	16685.34	58685.15	3199870	0	16727.44	58673.58	3199897
HG02040_hap2_hprc_r2_v1.0.1.merged.diagonal-distance.32.tp.paf	10871187	0	16589.96	58787.58	3183729	0	16634.88	58775.37	3183722
HG02055_mat_hprc_r2_v1.0.1.merged.diagonal-distance.32.tp.paf	8876680	0	15554.08	50887.70	2992328	0	15598.61	50874.49	2992299
HG02055_pat_hprc_r2_v1.0.1.merged.diagonal-distance.32.tp.paf	10745392	0	15078.36	49286.80	3166282	0	15117.03	49275.29	3166251
HG02056_mat_hprc_r2_v1.0.1.merged.diagonal-distance.32.tp.paf	10829374	0	16686.25	59526.85	2864618	0	16726.57	59516.18	2864593
HG02056_pat_hprc_r2_v1.0.1.merged.diagonal-distance.32.tp.paf	9958895	0	16312.97	58026.62	2638790	0	16356.67	58015.02	2638763
HG02071_mat_hprc_r2_v1.0.1.merged.diagonal-distance.32.tp.paf	11191049	0	16711.96	59366.33	4181838	0	16755.38	59354.72	4181854
HG02071_pat_hprc_r2_v1.0.1.merged.diagonal-distance.32.tp.paf	7805746	0	15477.46	54031.40	3758566	0	15522.10	54019.31	3758573
HG02074_mat_hprc_r2_v1.0.1.merged.diagonal-distance.32.tp.paf	9846834	0	16084.75	58841.20	6090288	0	16128.25	58829.84	6090256
HG02074_pat_hprc_r2_v1.0.1.merged.diagonal-distance.32.tp.paf	10419573	0	16715.01	59792.72	4227860	0	16759.79	59780.78	4227864
HG02080_mat_hprc_r2_v1.0.1.merged.diagonal-distance.32.tp.paf	9049912	0	17223.41	60395.68	2894365	0	17264.85	60384.37	2894347
HG02080_pat_hprc_r2_v1.0.1.merged.diagonal-distance.32.tp.paf	10267950	0	16872.14	58750.73	3516275	0	16914.99	58738.96	3516281
HG02083_mat_hprc_r2_v1.0.1.merged.diagonal-distance.32.tp.paf	8566125	0	17204.62	60430.70	4504954	0	17248.98	60418.61	4504986
HG02083_pat_hprc_r2_v1.0.1.merged.diagonal-distance.32.tp.paf	9278657	0	16582.41	59210.24	4176931	0	16627.33	59198.23	4176899
HG02109_mat_hprc_r2_v1.0.1.merged.diagonal-distance.32.tp.paf	12560881	0	16078.25	52081.06	5259097	0	16120.48	52068.38	5259071
HG02109_pat_hprc_r2_v1.0.1.merged.diagonal-distance.32.tp.paf	11947464	0	15059.03	49337.27	2635518	0	15099.48	49325.25	2635495
HG02129_mat_hprc_r2_v1.0.1.merged.diagonal-distance.32.tp.paf	11130472	0	16747.04	59262.24	4129474	0	16792.08	59249.98	4129501
HG02129_pat_hprc_r2_v1.0.1.merged.diagonal-distance.32.tp.paf	10267383	0	16690.11	58178.23	2522818	0	16731.17	58166.95	2522799
HG02132_mat_hprc_r2_v1.0.1.merged.diagonal-distance.32.tp.paf	7416087	0	17294.26	59748.98	5730203	0	17335.46	59737.48	5730225
HG02132_pat_hprc_r2_v1.0.1.merged.diagonal-distance.32.tp.paf	10833380	0	16093.39	57018.92	4245908	0	16136.79	57007.20	4245891
HG02135_mat_hprc_r2_v1.0.1.merged.diagonal-distance.32.tp.paf	9922865	0	17167.78	60568.11	4140175	0	17210.12	60556.68	4140143
HG02135_pat_hprc_r2_v1.0.1.merged.diagonal-distance.32.tp.paf	9960143	0	16878.61	59766.19	2896376	0	16923.55	59754.11	2896390
HG02145_mat_hprc_r2_v1.0.1.merged.diagonal-distance.32.tp.paf	11092873	0	15727.86	50353.11	2929609	0	15772.00	50339.79	2929595
HG02145_pat_hprc_r2_v1.0.1.merged.diagonal-distance.32.tp.paf	8563950	0	15191.94	50472.69	4675643	0	15233.31	50460.67	4675614
HG02148_mat_hprc_r2_v1.0.1.merged.diagonal-distance.32.tp.paf	8499968	0	17146.29	60574.47	3738577	0	17186.31	60563.60	3738606
HG02148_pat_hprc_r2_v1.0.1.merged.diagonal-distance.32.tp.paf	9988113	0	17746.13	62105.32	5221158	0	17790.76	62093.06	5221135
HG02155_hap1_hprc_r2_v1.0.1.merged.diagonal-distance.32.tp.paf	8964673	0	17096.76	60365.02	2839819	0	17141.05	60352.96	2839827
HG02155_hap2_hprc_r2_v1.0.1.merged.diagonal-distance.32.tp.paf	8596872	0	16665.68	59519.56	3541746	0	16706.65	59508.57	3541718
HG02165_hap1_hprc_r2_v1.0.1.merged.diagonal-distance.32.tp.paf	9670441	0	17644.57	61423.73	6954488	0	17686.64	61412.09	6954510
HG02165_hap2_hprc_r2_v1.0.1.merged.diagonal-distance.32.tp.paf	10324643	0	17393.82	60235.30	3885573	0	17437.01	60223.25	3885572
HG02178_hap1_hprc_r2_v1.0.1.merged.diagonal-distance.32.tp.paf	11473881	0	16021.06	57534.56	3086988	0	16066.13	57522.57	3087006
HG02178_hap2_hprc_r2_v1.0.1.merged.diagonal-distance.32.tp.paf	8890029	0	17206.38	58764.45	3543756	0	17250.60	58752.00	3543763
HG02257_mat_hprc_r2_v1.1.0.merged.diagonal-distance.32.tp.paf	6624067	0	16196.79	52878.10	2276110	0	16240.67	52865.02	2276115
HG02257_pat_hprc_r2_v1.1.0.merged.diagonal-distance.32.tp.paf	9820756	0	15252.53	49876.26	2980397	0	15295.87	49863.36	2980381
HG02258_mat_hprc_r2_v1.0.1.merged.diagonal-distance.32.tp.paf	8618616	0	16016.63	51265.07	2324352	0	16057.50	51252.58	2324368
HG02258_pat_hprc_r2_v1.0.1.merged.diagonal-distance.32.tp.paf	10747698	0	15106.83	49448.11	3669830	0	15145.00	49436.80	3669837
HG02273_hap1_hprc_r2_v1.0.1.merged.diagonal-distance.32.tp.paf	10335078	0	17637.85	62470.88	4932192	0	17682.18	62458.73	4932218
HG02273_hap2_hprc_r2_v1.0.1.merged.diagonal-distance.32.tp.paf	6988891	0	18007.62	62393.25	4863306	0	18049.67	62381.46	4863337
HG02280_mat_hprc_r2_v1.0.1.merged.diagonal-distance.32.tp.paf	10359790	0	15950.46	51202.49	3179775	0	15997.02	51188.42	3179800
HG02280_pat_hprc_r2_v1.0.1.merged.diagonal-distance.32.tp.paf	12839533	0	15262.75	49697.12	3132985	0	15303.57	49684.98	3133003
HG02293_mat_hprc_r2_v1.0.1.merged.diagonal-distance.32.tp.paf	6939984	0	17116.20	60538.79	2838387	0	17158.11	60527.26	2838364
HG02293_pat_hprc_r2_v1.0.1.merged.diagonal-distance.32.tp.paf	6682290	0	18293.26	64039.28	3152971	0	18335.69	64027.43	3152956
HG02300_mat_hprc_r2_v1.0.1.merged.diagonal-distance.32.tp.paf	10949172	0	17606.06	60339.93	3543902	0	17647.13	60328.34	3543904
HG02300_pat_hprc_r2_v1.0.1.merged.diagonal-distance.32.tp.paf	9901577	0	16707.00	58163.78	3565401	0	16750.23	58151.79	3565406
HG02391_hap1_hprc_r2_v1.0.1.merged.diagonal-distance.32.tp.paf	7455678	0	17415.68	61020.87	2785720	0	17459.79	61008.74	2785746
HG02391_hap2_hprc_r2_v1.0.1.merged.diagonal-distance.32.tp.paf	7631260	0	17592.70	60738.04	3702950	0	17635.65	60726.17	3702922
HG02392_hap1_hprc_r2_v1.0.1.merged.diagonal-distance.32.tp.paf	8432444	0	16846.62	58188.81	5457787	0	16889.73	58176.84	5457802
HG02392_hap2_hprc_r2_v1.0.1.merged.diagonal-distance.32.tp.paf	8514276	0	16847.98	59576.75	3096875	0	16890.25	59565.22	3096863
HG02451_mat_hprc_r2_v1.0.1.merged.diagonal-distance.32.tp.paf	8754582	0	15350.96	49896.87	4328242	0	15394.47	49883.78	4328229
HG02451_pat_hprc_r2_v1.0.1.merged.diagonal-distance.32.tp.paf	11143720	0	15278.36	49861.51	3078201	0	15317.22	49849.87	3078173
HG02486_mat_hprc_r2_v1.0.1.merged.diagonal-distance.32.tp.paf	9857147	0	16174.74	52775.93	4391436	0	16217.56	52763.07	4391408
HG02486_pat_hprc_r2_v1.0.1.merged.diagonal-distance.32.tp.paf	8539114	0	14874.79	48638.38	3100770	0	14916.52	48625.92	3100738
HG02514_mat_hprc_r2_v1.0.1.merged.diagonal-distance.32.tp.paf	9041725	0	17316.04	60745.90	2745142	0	17359.06	60734.07	2745174
HG02514_pat_hprc_r2_v1.0.1.merged.diagonal-distance.32.tp.paf	12190748	0	16035.42	57334.16	2672857	0	16077.89	57322.69	2672848
HG02523_mat_hprc_r2_v1.0.1.merged.diagonal-distance.32.tp.paf	10015162	0	17003.04	59696.18	3825204	0	17043.30	59685.22	3825179
HG02523_pat_hprc_r2_v1.0.1.merged.diagonal-distance.32.tp.paf	8891711	0	17117.40	59951.53	3385955	0	17159.18	59940.11	3385973
HG02559_mat_hprc_r2_v1.0.1.merged.diagonal-distance.32.tp.paf	9669503	0	16102.72	51629.48	3217206	0	16145.46	51616.50	3217176
HG02559_pat_hprc_r2_v1.0.1.merged.diagonal-distance.32.tp.paf	10651177	0	15488.65	50230.31	4641365	0	15529.97	50217.94	4641354
HG02572_mat_hprc_r2_v1.0.1.merged.diagonal-distance.32.tp.paf	11261484	0	15424.79	49612.10	5550910	0	15466.98	49599.38	5550880
HG02572_pat_hprc_r2_v1.0.1.merged.diagonal-distance.32.tp.paf	9953614	0	14871.36	48596.47	2813447	0	14913.47	48583.98	2813477
HG02583_hap1_hprc_r2_v1.0.1.merged.diagonal-distance.32.tp.paf	11530676	0	15621.22	49887.31	2945791	0	15663.12	49874.53	2945810
HG02583_hap2_hprc_r2_v1.0.1.merged.diagonal-distance.32.tp.paf	10099187	0	15121.87	49277.53	6742857	0	15166.56	49264.13	6742888
HG02602_mat_hprc_r2_v1.0.1.merged.diagonal-distance.32.tp.paf	10502032	0	16247.88	56186.49	3485715	0	16292.48	56174.07	3485694
HG02602_pat_hprc_r2_v1.0.1.merged.diagonal-distance.32.tp.paf	8422900	0	16783.78	57840.29	2947255	0	16828.81	57827.70	2947231
HG02615_mat_hprc_r2_v1.0.1.merged.diagonal-distance.32.tp.paf	10650669	0	15237.87	49597.12	3649885	0	15278.63	49584.99	3649855
HG02615_pat_hprc_r2_v1.0.1.merged.diagonal-distance.32.tp.paf	11612483	0	15800.53	50653.28	4571145	0	15844.73	50639.94	4571125
HG02622_mat_hprc_r2_v1.0.1.merged.diagonal-distance.32.tp.paf	11311592	0	15155.50	49082.92	2432907	0	15198.17	49070.10	2432897
HG02622_pat_hprc_r2_v1.0.1.merged.diagonal-distance.32.tp.paf	7952912	0	15754.78	50227.44	3650388	0	15796.34	50214.74	3650414
HG02630_mat_hprc_r2_v1.0.1.merged.diagonal-distance.32.tp.paf	10140232	0	15358.39	50194.46	17616067	0	15400.58	50181.90	17616047
HG02630_pat_hprc_r2_v1.0.1.merged.diagonal-distance.32.tp.paf	9909204	0	15425.12	49715.18	4050587	0	15467.61	49702.35	4050564
HG02647_mat_hprc_r2_v1.0.1.merged.diagonal-distance.32.tp.paf	12195219	0	15294.49	49368.93	2802000	0	15332.25	49357.70	2801981
HG02647_pat_hprc_r2_v1.0.1.merged.diagonal-distance.32.tp.paf	10476923	0	14393.18	47819.81	2600108	0	14437.93	47806.81	2600138
HG02668_mat_hprc_r2_v1.0.1.merged.diagonal-distance.32.tp.paf	10351790	0	15374.52	49525.62	2848185	0	15415.42	49513.26	2848194
HG02668_pat_hprc_r2_v1.0.1.merged.diagonal-distance.32.tp.paf	11737258	0	14838.91	48701.68	3975800	0	14876.43	48690.56	3975796
HG02698_mat_hprc_r2_v1.0.1.merged.diagonal-distance.32.tp.paf	10252716	0	17212.71	59024.85	3137782	0	17255.71	59012.74	3137813
HG02698_pat_hprc_r2_v1.0.1.merged.diagonal-distance.32.tp.paf	10775526	0	16176.07	56781.59	2769459	0	16221.47	56769.16	2769442
HG02717_mat_hprc_r2_v1.0.1.merged.diagonal-distance.32.tp.paf	8092952	0	15895.09	50158.27	2944080	0	15934.91	50145.92	2944099
HG02717_pat_hprc_r2_v1.0.1.merged.diagonal-distance.32.tp.paf	9779684	0	15077.63	49056.92	5046498	0	15120.46	49044.12	5046467
HG02723_mat_hprc_r2_v1.0.1.merged.diagonal-distance.32.tp.paf	8419010	0	15629.31	49733.26	2162713	0	15670.52	49720.61	2162743
HG02723_pat_hprc_r2_v1.0.1.merged.diagonal-distance.32.tp.paf	10325540	0	15158.61	49249.38	2960286	0	15202.68	49236.14	2960303
HG02735_mat_hprc_r2_v1.0.1.merged.diagonal-distance.32.tp.paf	8279425	0	16987.21	58645.24	4441796	0	17030.51	58632.97	4441764
HG02735_pat_hprc_r2_v1.0.1.merged.diagonal-distance.32.tp.paf	8727240	0	16608.72	58391.09	3883448	0	16652.60	58378.85	3883428
HG02738_mat_hprc_r2_v1.0.1.merged.diagonal-distance.32.tp.paf	10373597	0	17045.54	59957.08	27482620	0	17089.17	59945.16	27482599
HG02738_pat_hprc_r2_v1.0.1.merged.diagonal-distance.32.tp.paf	9405356	0	16614.86	58529.50	2728975	0	16657.90	58517.73	2728978
HG02809_mat_hprc_r2_v1.0.1.merged.diagonal-distance.32.tp.paf	9394096	0	15645.72	50145.08	5180628	0	15687.28	50132.50	5180652
HG02809_pat_hprc_r2_v1.0.1.merged.diagonal-distance.32.tp.paf	11969297	0	15834.15	50301.20	3567684	0	15876.31	50288.31	3567697
HG02818_mat_hprc_r2_v1.0.1.merged.diagonal-distance.32.tp.paf	9156670	0	15606.65	49835.05	2588299	0	15646.12	49822.95	2588312
HG02818_pat_hprc_r2_v1.0.1.merged.diagonal-distance.32.tp.paf	8790742	0	14998.60	49163.95	2686515	0	15039.44	49151.86	2686483
HG02841_mat_hprc_r2_v1.0.1.merged.diagonal-distance.32.tp.paf	9962017	0	15071.10	49226.93	2659870	0	15113.38	49214.37	2659862
HG02841_pat_hprc_r2_v1.0.1.merged.diagonal-distance.32.tp.paf	11809486	0	15792.35	50515.26	2452705	0	15829.23	50504.00	2452673
HG02886_mat_hprc_r2_v1.0.1.merged.diagonal-distance.32.tp.paf	11287558	0	15484.16	49806.53	4812104	0	15523.96	49794.48	4812133
HG02886_pat_hprc_r2_v1.0.1.merged.diagonal-distance.32.tp.paf	11552579	0	15339.73	49456.73	3114058	0	15382.30	49443.87	3114090
HG02922_hap1_hprc_r2_v1.0.1.merged.diagonal-distance.32.tp.paf	9787111	0	15556.26	50040.29	7308970	0	15597.70	50027.55	7308938
HG02922_hap2_hprc_r2_v1.0.1.merged.diagonal-distance.32.tp.paf	10878357	0	15172.11	49095.52	2579311	0	15213.46	49082.95	2579287
HG02965_hap1_hprc_r2_v1.0.1.merged.diagonal-distance.32.tp.paf	11063597	0	14678.96	48274.14	3770265	0	14718.01	48262.51	3770252
HG02965_hap2_hprc_r2_v1.0.1.merged.diagonal-distance.32.tp.paf	11648840	0	15182.61	49206.60	4071512	0	15227.00	49193.27	4071482
HG02976_hap1_hprc_r2_v1.0.1.merged.diagonal-distance.32.tp.paf	12757377	0	15646.76	50048.63	3861740	0	15688.43	50035.93	3861719
HG02976_hap2_hprc_r2_v1.0.1.merged.diagonal-distance.32.tp.paf	9654164	0	15738.45	50200.06	4414706	0	15777.97	50187.92	4414700
HG02984_mat_hprc_r2_v1.0.1.merged.diagonal-distance.32.tp.paf	11325534	0	15363.97	49586.15	4392153	0	15404.28	49573.97	4392161
HG02984_pat_hprc_r2_v1.0.1.merged.diagonal-distance.32.tp.paf	9815004	0	14745.29	48248.43	10081859	0	14790.31	48235.01	10081880
HG03017_mat_hprc_r2_v1.0.1.merged.diagonal-distance.32.tp.paf	8738277	0	17148.60	60186.11	4773394	0	17191.80	60174.16	4773408
HG03017_pat_hprc_r2_v1.0.1.merged.diagonal-distance.32.tp.paf	9929713	0	16600.61	57799.67	2693290	0	16641.64	57788.20	2693313
HG03041_mat_hprc_r2_v1.0.1.merged.diagonal-distance.32.tp.paf	11525595	0	15362.03	49602.74	2901824	0	15402.26	49590.38	2901842
HG03041_pat_hprc_r2_v1.0.1.merged.diagonal-distance.32.tp.paf	9297278	0	15720.79	50006.58	2518390	0	15761.34	49994.08	2518382
HG03050_mat_hprc_r2_v1.0.1.merged.diagonal-distance.32.tp.paf	11023235	0	15798.14	50482.16	3610535	0	15838.38	50469.91	3610523
HG03050_pat_hprc_r2_v1.0.1.merged.diagonal-distance.32.tp.paf	11730969	0	14869.08	48342.96	2478153	0	14915.13	48329.17	2478133
HG03098_mat_hprc_r2_v1.0.1.merged.diagonal-distance.32.tp.paf	10238351	0	14880.31	48219.57	2864456	0	14922.06	48207.16	2864458
HG03098_pat_hprc_r2_v1.0.1.merged.diagonal-distance.32.tp.paf	12270396	0	14721.43	47895.83	2253803	0	14761.06	47884.12	2253826
HG03130_hap1_hprc_r2_v1.0.1.merged.diagonal-distance.32.tp.paf	7985922	0	14845.39	48569.55	3873712	0	14886.95	48557.22	3873737
HG03130_hap2_hprc_r2_v1.0.1.merged.diagonal-distance.32.tp.paf	9183444	0	15390.42	49676.96	4080198	0	15431.39	49664.63	4080167
HG03139_hap1_hprc_r2_v1.0.1.merged.diagonal-distance.32.tp.paf	8457447	0	14704.86	47971.59	3228209	0	14746.44	47959.19	3228194
HG03139_hap2_hprc_r2_v1.0.1.merged.diagonal-distance.32.tp.paf	14384503	0	15135.93	49158.41	3187168	0	15178.47	49145.66	3187173
HG03195_hap1_hprc_r2_v1.0.1.merged.diagonal-distance.32.tp.paf	9217602	0	15544.05	49745.05	4453232	0	15587.54	49731.92	4453255
HG03195_hap2_hprc_r2_v1.0.1.merged.diagonal-distance.32.tp.paf	9473220	0	15469.50	49637.20	4071381	0	15512.75	49624.13	4071411
HG03209_hap1_hprc_r2_v1.0.1.merged.diagonal-distance.32.tp.paf	13517651	0	14444.38	47484.70	3675510	0	14484.53	47472.82	3675536
HG03209_hap2_hprc_r2_v1.0.1.merged.diagonal-distance.32.tp.paf	8222706	0	14910.61	48218.21	3079630	0	14953.61	48205.25	3079657
HG03225_hap1_hprc_r2_v1.0.1.merged.diagonal-distance.32.tp.paf	9437702	0	14746.00	47845.17	3144451	0	14790.45	47831.85	3144476
HG03225_hap2_hprc_r2_v1.0.1.merged.diagonal-distance.32.tp.paf	10980341	0	15303.01	49089.91	2478319	0	15343.19	49077.69	2478326
HG03239_mat_hprc_r2_v1.0.1.merged.diagonal-distance.32.tp.paf	9436217	0	16176.02	58156.33	2720755	0	16223.06	58143.59	2720762
HG03239_pat_hprc_r2_v1.0.1.merged.diagonal-distance.32.tp.paf	10372119	0	16808.00	58656.90	3672269	0	16849.79	58645.28	3672264
HG03270_hap1_hprc_r2_v1.0.1.merged.diagonal-distance.32.tp.paf	12434200	0	16234.67	50749.77	3312112	0	16275.39	50737.05	3312143
HG03270_hap2_hprc_r2_v1.0.1.merged.diagonal-distance.32.tp.paf	10523982	0	15746.18	50204.54	3165413	0	15783.23	50193.17	3165444
HG03369_hap1_hprc_r2_v1.0.1.merged.diagonal-distance.32.tp.paf	11678355	0	15863.52	50098.74	2573719	0	15906.07	50085.62	2573733
HG03369_hap2_hprc_r2_v1.0.1.merged.diagonal-distance.32.tp.paf	8967196	0	14382.91	48365.97	2816554	0	14429.43	48352.57	2816549
HG03453_mat_hprc_r2_v1.0.1.merged.diagonal-distance.32.tp.paf	8723120	0	15683.76	49761.88	3941426	0	15724.21	49749.46	3941447
HG03453_pat_hprc_r2_v1.0.1.merged.diagonal-distance.32.tp.paf	8289886	0	14775.40	48525.78	4414703	0	14819.12	48512.90	4414709
HG03470_hap1_hprc_r2_v1.0.1.merged.diagonal-distance.32.tp.paf	11295854	0	15395.86	49218.01	2977336	0	15436.84	49205.48	2977323
HG03470_hap2_hprc_r2_v1.0.1.merged.diagonal-distance.32.tp.paf	11143762	0	15296.47	49263.36	4364427	0	15337.98	49250.75	4364396
HG03471_hap1_hprc_r2_v1.0.1.merged.diagonal-distance.32.tp.paf	7224328	0	14674.01	47702.03	4480370	0	14715.42	47689.66	4480385
HG03471_hap2_hprc_r2_v1.0.1.merged.diagonal-distance.32.tp.paf	8959602	0	15304.08	49168.38	7800622	0	15344.75	49156.05	7800654
HG03486_mat_hprc_r2_v1.0.1.merged.diagonal-distance.32.tp.paf	9950445	0	15058.56	49087.46	2590274	0	15100.38	49074.97	2590252
HG03486_pat_hprc_r2_v1.0.1.merged.diagonal-distance.32.tp.paf	10203326	0	15641.99	49644.80	3106928	0	15683.45	49632.12	3106934
HG03516_mat_hprc_r2_v1.1.0.merged.diagonal-distance.32.tp.paf	12131019	0	15342.29	49444.05	4209314	0	15381.61	49432.19	4209345
HG03516_pat_hprc_r2_v1.1.0.merged.diagonal-distance.32.tp.paf	8744583	0	15315.95	49451.96	3935467	0	15356.67	49439.58	3935455
HG03521_hap1_hprc_r2_v1.0.1.merged.diagonal-distance.32.tp.paf	10131583	0	14585.91	48219.87	3675536	0	14625.46	48208.19	3675510
HG03521_hap2_hprc_r2_v1.0.1.merged.diagonal-distance.32.tp.paf	10290023	0	15777.39	50255.51	4130994	0	15815.68	50243.79	4131012
HG03540_mat_hprc_r2_v1.0.1.merged.diagonal-distance.32.tp.paf	9546363	0	15998.07	51104.02	4002710	0	16038.02	51091.82	4002678
HG03540_pat_hprc_r2_v1.0.1.merged.diagonal-distance.32.tp.paf	10756512	0	15577.72	50100.82	2850544	0	15617.29	50088.78	2850560
HG03579_mat_hprc_r2_v1.0.1.merged.diagonal-distance.32.tp.paf	8430001	0	14849.33	48502.81	3255275	0	14891.68	48490.20	3255306
HG03579_pat_hprc_r2_v1.0.1.merged.diagonal-distance.32.tp.paf	8228568	0	14775.26	48315.71	4557658	0	14822.26	48301.77	4557649
HG03583_hap1_hprc_r2_v1.0.1.merged.diagonal-distance.32.tp.paf	9528381	0	14790.54	48544.96	2975027	0	14830.29	48533.27	2975056
HG03583_hap2_hprc_r2_v1.0.1.merged.diagonal-distance.32.tp.paf	8305482	0	15073.49	48502.94	1991698	0	15115.76	48490.12	1991691
HG03654_mat_hprc_r2_v1.0.1.merged.diagonal-distance.32.tp.paf	8579072	0	16752.18	57998.08	2642723	0	16798.31	57985.23	2642702
HG03654_pat_hprc_r2_v1.0.1.merged.diagonal-distance.32.tp.paf	9846239	0	15604.90	55831.89	2533254	0	15646.74	55820.66	2533244
HG03669_mat_hprc_r2_v1.0.1.merged.diagonal-distance.32.tp.paf	10540332	0	16797.73	58066.28	3024053	0	16843.49	58053.62	3024027
HG03669_pat_hprc_r2_v1.0.1.merged.diagonal-distance.32.tp.paf	10981975	0	16641.43	58697.26	2789315	0	16683.44	58685.84	2789338
HG03688_mat_hprc_r2_v1.0.1.merged.diagonal-distance.32.tp.paf	9879544	0	16674.71	57229.63	3219262	0	16716.73	57217.85	3219259
HG03688_pat_hprc_r2_v1.0.1.merged.diagonal-distance.32.tp.paf	8257541	0	16129.74	56484.17	2308883	0	16173.39	56472.11	2308915
HG03704_mat_hprc_r2_v1.0.1.merged.diagonal-distance.32.tp.paf	10278472	0	17810.39	60905.04	2759979	0	17852.55	60893.00	2759987
HG03704_pat_hprc_r2_v1.0.1.merged.diagonal-distance.32.tp.paf	11864052	0	16989.55	57663.88	2870461	0	17032.59	57651.60	2870436
HG03710_mat_hprc_r2_v1.0.1.merged.diagonal-distance.32.tp.paf	9744538	0	17576.02	60712.05	3046574	0	17617.62	60700.48	3046580
HG03710_pat_hprc_r2_v1.0.1.merged.diagonal-distance.32.tp.paf	10369644	0	16017.46	55567.53	3697087	0	16061.57	55555.29	3697088
HG03742_hap1_hprc_r2_v1.0.1.merged.diagonal-distance.32.tp.paf	8766697	0	16195.19	56995.10	3434536	0	16239.26	56982.93	3434564
HG03742_hap2_hprc_r2_v1.0.1.merged.diagonal-distance.32.tp.paf	8418089	0	17331.98	59751.76	3321607	0	17375.72	59739.48	3321580
HG03784_hap1_hprc_r2_v1.0.1.merged.diagonal-distance.32.tp.paf	9158228	0	17437.36	59458.60	2997168	0	17479.79	59446.51	2997185
HG03784_hap2_hprc_r2_v1.0.1.merged.diagonal-distance.32.tp.paf	9317855	0	16464.15	56875.64	2385744	0	16508.79	56863.12	2385727
HG03804_mat_hprc_r2_v1.0.1.merged.diagonal-distance.32.tp.paf	9630079	0	17440.01	60034.16	3514928	0	17483.87	60021.85	3514960
HG03804_pat_hprc_r2_v1.0.1.merged.diagonal-distance.32.tp.paf	8671372	0	16871.86	57706.46	2848916	0	16915.76	57694.10	2848945
HG03816_mat_hprc_r2_v1.0.1.merged.diagonal-distance.32.tp.paf	10756114	0	16695.31	58729.86	5231669	0	16740.58	58717.41	5231696
HG03816_pat_hprc_r2_v1.0.1.merged.diagonal-distance.32.tp.paf	11147161	0	17546.65	59670.13	2753098	0	17586.66	59658.73	2753111
HG03831_mat_hprc_r2_v1.0.1.merged.diagonal-distance.32.tp.paf	7881987	0	17410.23	61224.64	4059140	0	17453.54	61212.89	4059130
HG03831_pat_hprc_r2_v1.0.1.merged.diagonal-distance.32.tp.paf	7292975	0	17629.79	60077.96	3039254	0	17676.05	60065.00	3039256
HG03834_mat_hprc_r2_v1.0.1.merged.diagonal-distance.32.tp.paf	9039201	0	16950.59	58506.12	2669953	0	16992.73	58494.30	2669983
HG03834_pat_hprc_r2_v1.0.1.merged.diagonal-distance.32.tp.paf	9496217	0	17438.67	60396.38	3421406	0	17480.99	60384.55	3421437
HG03874_hap1_hprc_r2_v1.0.1.merged.diagonal-distance.32.tp.paf	8327601	0	17274.52	59495.79	3230097	0	17316.74	59483.95	3230080
HG03874_hap2_hprc_r2_v1.0.1.merged.diagonal-distance.32.tp.paf	9569503	0	16930.20	58957.23	3832901	0	16973.81	58945.09	3832907
HG03927_mat_hprc_r2_v1.0.1.merged.diagonal-distance.32.tp.paf	8312382	0	16883.84	58567.99	4884432	0	16927.82	58555.98	4884413
HG03927_pat_hprc_r2_v1.0.1.merged.diagonal-distance.32.tp.paf	11057687	0	17182.23	58753.36	3815012	0	17225.79	58741.37	3815044
HG03942_mat_hprc_r2_v1.0.1.merged.diagonal-distance.32.tp.paf	9165956	0	17249.76	58941.16	2605124	0	17291.58	58929.40	2605155
HG03942_pat_hprc_r2_v1.0.1.merged.diagonal-distance.32.tp.paf	9222690	0	16666.95	58296.56	2874742	0	16711.44	58284.37	2874764
HG04115_mat_hprc_r2_v1.0.1.merged.diagonal-distance.32.tp.paf	9279711	0	17790.21	60759.43	3062164	0	17832.43	60747.67	3062151
HG04115_pat_hprc_r2_v1.0.1.merged.diagonal-distance.32.tp.paf	9797729	0	16282.24	56390.84	2602131	0	16326.34	56378.76	2602152
HG04157_mat_hprc_r2_v1.0.1.merged.diagonal-distance.32.tp.paf	10643749	0	16733.61	58229.76	2827970	0	16776.33	58217.90	2827938
HG04157_pat_hprc_r2_v1.0.1.merged.diagonal-distance.32.tp.paf	9213275	0	16677.74	57591.37	2756449	0	16721.68	57579.08	2756428
HG04160_mat_hprc_r2_v1.0.1.merged.diagonal-distance.32.tp.paf	10690194	0	16891.52	59270.30	3202305	0	16938.31	59257.44	3202311
HG04160_pat_hprc_r2_v1.0.1.merged.diagonal-distance.32.tp.paf	9020480	0	16402.37	58116.82	3546531	0	16447.18	58104.64	3546506
HG04184_mat_hprc_r2_v1.0.1.merged.diagonal-distance.32.tp.paf	9625777	0	17167.55	59366.47	2317725	0	17212.29	59354.01	2317733
HG04184_pat_hprc_r2_v1.0.1.merged.diagonal-distance.32.tp.paf	9376975	0	17239.93	60120.91	3018081	0	17285.84	60108.31	3018088
HG04187_mat_hprc_r2_v1.0.1.merged.diagonal-distance.32.tp.paf	9691269	0	14858.70	56132.37	3286382	0	14897.83	56122.40	3286379
HG04187_pat_hprc_r2_v1.0.1.merged.diagonal-distance.32.tp.paf	9778383	0	15987.78	57004.41	2580594	0	16033.50	56992.05	2580625
HG04199_mat_hprc_r2_v1.0.1.merged.diagonal-distance.32.tp.paf	8004553	0	16866.46	58049.88	2474322	0	16908.47	58038.18	2474331
HG04199_pat_hprc_r2_v1.0.1.merged.diagonal-distance.32.tp.paf	7671649	0	15825.68	55310.98	3171288	0	15866.29	55299.76	3171259
HG04204_mat_hprc_r2_v1.0.1.merged.diagonal-distance.32.tp.paf	9287420	0	16553.29	57957.35	2929747	0	16597.67	57945.27	2929774
HG04204_pat_hprc_r2_v1.0.1.merged.diagonal-distance.32.tp.paf	10843073	0	16615.24	57539.34	2901598	0	16660.31	57526.87	2901630
HG04228_mat_hprc_r2_v1.0.1.merged.diagonal-distance.32.tp.paf	6585196	0	17691.99	60880.01	2641756	0	17738.56	60866.97	2641754
HG04228_pat_hprc_r2_v1.0.1.merged.diagonal-distance.32.tp.paf	9432314	0	16018.56	55811.14	2366360	0	16061.78	55799.26	2366331
HG06807_mat_v1.0.genbank.merged.diagonal-distance.32.tp.paf	9599577	0	14627.14	48703.53	2807031	0	14668.02	48691.69	2807048
HG06807_pat_v1.0.genbank.merged.diagonal-distance.32.tp.paf	10437598	0	15795.76	52499.68	2618608	0	15837.33	52487.54	2618591
NA18505_hap1_hprc_r2_v1.0.1.merged.diagonal-distance.32.tp.paf	10164609	0	15575.38	49922.19	2953174	0	15614.19	49910.36	2953191
NA18505_hap2_hprc_r2_v1.0.1.merged.diagonal-distance.32.tp.paf	12927677	0	15846.94	50175.25	3435938	0	15889.26	50162.26	3435914
NA18508_hap1_hprc_r2_v1.0.1.merged.diagonal-distance.32.tp.paf	8295650	0	15134.97	49052.70	5133752	0	15176.43	49040.19	5133732
NA18508_hap2_hprc_r2_v1.0.1.merged.diagonal-distance.32.tp.paf	11711869	0	15120.41	49080.04	3071077	0	15161.13	49067.86	3071046
NA18522_hap1_hprc_r2_v1.0.1.merged.diagonal-distance.32.tp.paf	9927420	0	14901.69	48619.19	4454844	0	14946.11	48605.95	4454857
NA18522_hap2_hprc_r2_v1.0.1.merged.diagonal-distance.32.tp.paf	10418737	0	15255.77	49340.29	3379741	0	15294.14	49328.69	3379758
NA18565_hap1_hprc_r2_v1.0.1.merged.diagonal-distance.32.tp.paf	8473992	0	15864.82	57190.31	3454477	0	15904.89	57179.57	3454495
NA18565_hap2_hprc_r2_v1.0.1.merged.diagonal-distance.32.tp.paf	10222839	0	16771.06	58864.69	3096831	0	16812.89	58853.26	3096854
NA18570_hap1_hprc_r2_v1.0.1.merged.diagonal-distance.32.tp.paf	10474044	0	16878.97	59460.40	2687340	0	16922.94	59448.36	2687327
NA18570_hap2_hprc_r2_v1.0.1.merged.diagonal-distance.32.tp.paf	8781247	0	17449.16	60922.11	3119319	0	17490.87	60910.65	3119349
NA18608_hap1_hprc_r2_v1.0.1.merged.diagonal-distance.32.tp.paf	9211916	0	16701.35	59393.77	4018250	0	16743.58	59382.34	4018275
NA18608_hap2_hprc_r2_v1.0.1.merged.diagonal-distance.32.tp.paf	10731886	0	15429.01	56710.87	3229336	0	15469.82	56700.27	3229306
NA18620_hap1_hprc_r2_v1.0.1.merged.diagonal-distance.32.tp.paf	10263945	0	16409.70	57815.38	3089852	0	16455.35	57802.94	3089820
NA18620_hap2_hprc_r2_v1.0.1.merged.diagonal-distance.32.tp.paf	9026653	0	15224.35	56747.32	2857885	0	15263.25	56737.42	2857876
NA18747_hap1_hprc_r2_v1.0.1.merged.diagonal-distance.32.tp.paf	10087285	0	16380.98	57607.61	3505503	0	16422.82	57596.21	3505514
NA18747_hap2_hprc_r2_v1.0.1.merged.diagonal-distance.32.tp.paf	8925295	0	17390.77	60640.33	3226819	0	17433.61	60628.42	3226792
NA18879_hap1_hprc_r2_v1.0.1.merged.diagonal-distance.32.tp.paf	9665371	0	14676.99	48396.61	4785356	0	14716.46	48384.90	4785338
NA18879_hap2_hprc_r2_v1.0.1.merged.diagonal-distance.32.tp.paf	9822013	0	15253.77	49461.20	4611239	0	15291.84	49449.68	4611271
NA18906_mat_hprc_r2_v1.0.1.merged.diagonal-distance.32.tp.paf	11223944	0	15549.35	49537.67	2785776	0	15588.02	49525.87	2785784
NA18906_pat_hprc_r2_v1.0.1.merged.diagonal-distance.32.tp.paf	12577344	0	14347.38	47935.10	4736676	0	14390.41	47922.59	4736658
NA18940_hap1_hprc_r2_v1.0.1.merged.diagonal-distance.32.tp.paf	9768476	0	15707.99	56632.99	8700211	0	15750.03	56621.96	8700228
NA18940_hap2_hprc_r2_v1.0.1.merged.diagonal-distance.32.tp.paf	10259317	0	16700.10	60004.02	3185133	0	16742.75	59992.80	3185129
NA18943_hap1_hprc_r2_v1.0.1.merged.diagonal-distance.32.tp.paf	10584432	0	16697.80	58199.24	3369646	0	16739.97	58187.72	3369631
NA18943_hap2_hprc_r2_v1.0.1.merged.diagonal-distance.32.tp.paf	7952880	0	17309.16	60607.30	3191628	0	17351.80	60595.69	3191660
NA18944_hap1_hprc_r2_v1.0.1.merged.diagonal-distance.32.tp.paf	8354241	0	16878.11	58201.10	2366506	0	16920.21	58189.46	2366520
NA18944_hap2_hprc_r2_v1.0.1.merged.diagonal-distance.32.tp.paf	11318775	0	16824.83	59351.69	4182723	0	16870.00	59339.42	4182754
NA18945_hap1_hprc_r2_v1.0.1.merged.diagonal-distance.32.tp.paf	9143681	0	16526.03	58392.44	2768463	0	16570.50	58380.42	2768494
NA18945_hap2_hprc_r2_v1.0.1.merged.diagonal-distance.32.tp.paf	8821444	0	17280.87	61387.18	4402967	0	17322.07	61376.13	4402987
NA18948_hap1_hprc_r2_v1.0.1.merged.diagonal-distance.32.tp.paf	9369180	0	16126.96	57114.10	3228351	0	16167.68	57103.03	3228369
NA18948_hap2_hprc_r2_v1.0.1.merged.diagonal-distance.32.tp.paf	9289441	0	17801.74	61023.20	2956531	0	17845.20	61010.88	2956540
NA18952_hap1_hprc_r2_v1.0.1.merged.diagonal-distance.32.tp.paf	8489886	0	16048.77	56946.71	3369681	0	16091.57	56935.14	3369658
NA18952_hap2_hprc_r2_v1.0.1.merged.diagonal-distance.32.tp.paf	9967461	0	15899.10	57756.96	4258214	0	15939.97	57746.21	4258193
NA18959_hap1_hprc_r2_v1.0.1.merged.diagonal-distance.32.tp.paf	8798085	0	16065.18	58304.33	5365268	0	16106.56	58293.42	5365291
NA18959_hap2_hprc_r2_v1.0.1.merged.diagonal-distance.32.tp.paf	7296208	0	18087.54	61224.22	3316353	0	18132.54	61211.46	3316329
NA18960_hap1_hprc_r2_v1.0.1.merged.diagonal-distance.32.tp.paf	10429378	0	17265.67	60472.11	3589284	0	17306.62	60460.83	3589316
NA18960_hap2_hprc_r2_v1.0.1.merged.diagonal-distance.32.tp.paf	10157010	0	16799.40	59183.17	2747661	0	16841.10	59171.80	2747629
NA18967_hap1_hprc_r2_v1.0.1.merged.diagonal-distance.32.tp.paf	7865366	0	17275.66	60364.31	4879319	0	17319.92	60352.21	4879348
NA18967_hap2_hprc_r2_v1.0.1.merged.diagonal-distance.32.tp.paf	9273516	0	16469.62	60539.72	5102164	0	16511.06	60529.01	5102185
NA18970_hap1_hprc_r2_v1.0.1.merged.diagonal-distance.32.tp.paf	6403793	0	17060.53	60695.90	3219916	0	17104.32	60684.05	3219921
NA18970_hap2_hprc_r2_v1.0.1.merged.diagonal-distance.32.tp.paf	9155213	0	17391.83	61728.87	5173876	0	17436.26	61716.81	5173891
NA18971_hap1_hprc_r2_v1.0.1.merged.diagonal-distance.32.tp.paf	8200876	0	16963.02	60059.58	4606867	0	17004.47	60048.29	4606896
NA18971_hap2_hprc_r2_v1.0.1.merged.diagonal-distance.32.tp.paf	10087678	0	16951.99	59685.97	3773454	0	16993.26	59674.70	3773469
NA18974_hap1_hprc_r2_v1.0.1.merged.diagonal-distance.32.tp.paf	10492777	0	17125.04	58704.51	2756768	0	17169.22	58692.15	2756781
NA18974_hap2_hprc_r2_v1.0.1.merged.diagonal-distance.32.tp.paf	12062667	0	17160.32	60990.70	3605613	0	17198.84	60980.37	3605627
NA18976_hap1_hprc_r2_v1.0.1.merged.diagonal-distance.32.tp.paf	11255258	0	14698.62	56653.98	4387243	0	14738.29	56644.18	4387246
NA18976_hap2_hprc_r2_v1.0.1.merged.diagonal-distance.32.tp.paf	9902603	0	17872.83	61945.83	7374627	0	17916.31	61933.82	7374628
NA18982_hap1_hprc_r2_v1.0.1.merged.diagonal-distance.32.tp.paf	10936559	0	16410.37	57820.93	4146798	0	16452.94	57809.28	4146822
NA18982_hap2_hprc_r2_v1.0.1.merged.diagonal-distance.32.tp.paf	8565222	0	16347.69	59112.40	6673755	0	16390.92	59100.81	6673727
NA18983_hap1_hprc_r2_v1.0.1.merged.diagonal-distance.32.tp.paf	8109588	0	16395.86	58012.20	4812896	0	16437.15	58000.97	4812882
NA18983_hap2_hprc_r2_v1.0.1.merged.diagonal-distance.32.tp.paf	8879514	0	17898.75	62846.51	4618249	0	17936.97	62835.99	4618280
NA19036_hap1_hprc_r2_v1.0.1.merged.diagonal-distance.32.tp.paf	11762256	0	15388.54	49443.20	2934390	0	15426.61	49431.69	2934360
NA19036_hap2_hprc_r2_v1.0.1.merged.diagonal-distance.32.tp.paf	10903915	0	15075.86	49247.23	2240598	0	15118.05	49234.68	2240567
NA19043_hap1_hprc_r2_v1.0.1.merged.diagonal-distance.32.tp.paf	8812796	0	15083.08	48895.55	2475004	0	15124.18	48883.07	2475026
NA19043_hap2_hprc_r2_v1.0.1.merged.diagonal-distance.32.tp.paf	10443874	0	14961.96	49009.77	3373019	0	15001.78	48997.82	3373013
NA19087_hap1_hprc_r2_v1.0.1.merged.diagonal-distance.32.tp.paf	8585655	0	17450.58	60904.32	4001431	0	17493.04	60892.55	4001448
NA19087_hap2_hprc_r2_v1.0.1.merged.diagonal-distance.32.tp.paf	8738231	0	16367.42	58175.69	2673129	0	16411.04	58163.87	2673132
NA19159_hap1_hprc_r2_v1.0.1.merged.diagonal-distance.32.tp.paf	9626474	0	15877.05	50341.87	3820424	0	15919.46	50328.74	3820401
NA19159_hap2_hprc_r2_v1.0.1.merged.diagonal-distance.32.tp.paf	11136049	0	14043.60	47532.65	3055139	0	14084.36	47520.86	3055110
NA19185_hap1_hprc_r2_v1.0.1.merged.diagonal-distance.32.tp.paf	8241672	0	15603.23	49873.66	3540430	0	15642.62	49861.53	3540408
NA19185_hap2_hprc_r2_v1.0.1.merged.diagonal-distance.32.tp.paf	10412283	0	15603.44	50073.18	5799268	0	15642.41	50061.29	5799282
NA19240_mat_hprc_r2_v1.0.1.merged.diagonal-distance.32.tp.paf	11207467	0	15026.57	49115.26	4225342	0	15066.49	49103.40	4225374
NA19240_pat_hprc_r2_v1.0.1.merged.diagonal-distance.32.tp.paf	11402635	0	15516.52	49304.77	2461590	0	15556.38	49292.57	2461559
NA19338_hap1_hprc_r2_v1.0.1.merged.diagonal-distance.32.tp.paf	12022258	0	16223.85	50993.00	3989602	0	16261.86	50981.23	3989618
NA19338_hap2_hprc_r2_v1.0.1.merged.diagonal-distance.32.tp.paf	8235071	0	15595.61	50101.08	4598736	0	15635.70	50088.88	4598768
NA19391_hap1_hprc_r2_v1.0.1.merged.diagonal-distance.32.tp.paf	10816744	0	15546.04	49688.72	3387359	0	15586.52	49676.28	3387382
NA19391_hap2_hprc_r2_v1.0.1.merged.diagonal-distance.32.tp.paf	9924685	0	15514.09	49862.77	3075751	0	15554.27	49850.59	3075722
NA19443_hap1_hprc_r2_v1.0.1.merged.diagonal-distance.32.tp.paf	10533145	0	14648.92	48414.07	6339980	0	14690.37	48401.84	6339950
NA19443_hap2_hprc_r2_v1.0.1.merged.diagonal-distance.32.tp.paf	10474661	0	14621.08	48563.44	5829019	0	14664.41	48550.71	5829002
NA19468_hap1_hprc_r2_v1.0.1.merged.diagonal-distance.32.tp.paf	9834494	0	14911.89	48763.20	2216715	0	14954.82	48750.43	2216746
NA19468_hap2_hprc_r2_v1.0.1.merged.diagonal-distance.32.tp.paf	8689624	0	15454.55	49617.20	4984882	0	15496.38	49604.55	4984912
NA19682_hap1_hprc_r2_v1.0.1.merged.diagonal-distance.32.tp.paf	8565930	0	16209.85	57330.57	3429159	0	16254.28	57318.37	3429133
NA19682_hap2_hprc_r2_v1.0.1.merged.diagonal-distance.32.tp.paf	9329026	0	17057.50	61023.54	4893925	0	17101.96	61011.40	4893895
NA19700_hap1_hprc_r2_v1.0.1.merged.diagonal-distance.32.tp.paf	10876881	0	14927.53	49772.45	3494794	0	14969.11	49760.28	3494777
NA19700_hap2_hprc_r2_v1.0.1.merged.diagonal-distance.32.tp.paf	11670697	0	14919.06	50344.24	3613573	0	14967.90	50330.20	3613599
NA19776_hap1_hprc_r2_v1.0.1.merged.diagonal-distance.32.tp.paf	9427749	0	17778.65	61270.08	4476685	0	17819.16	61258.63	4476668
NA19776_hap2_hprc_r2_v1.0.1.merged.diagonal-distance.32.tp.paf	10916249	0	17080.31	59234.80	4843675	0	17124.83	59222.36	4843644
NA19835_hap1_hprc_r2_v1.0.1.merged.diagonal-distance.32.tp.paf	9797707	0	15250.97	50209.09	3284644	0	15291.68	50196.97	3284630
NA19835_hap2_hprc_r2_v1.0.1.merged.diagonal-distance.32.tp.paf	10076493	0	15486.99	51313.88	2823971	0	15527.11	51302.05	2823943
NA19909_hap1_hprc_r2_v1.0.1.merged.diagonal-distance.32.tp.paf	8238917	0	15939.06	51214.18	3485469	0	15983.80	51200.73	3485466
NA19909_hap2_hprc_r2_v1.0.1.merged.diagonal-distance.32.tp.paf	9684354	0	15785.74	51437.31	2813895	0	15828.04	51424.76	2813926
NA20129_mat_hprc_r2_v1.0.1.merged.diagonal-distance.32.tp.paf	9973335	0	16562.96	54318.81	3935071	0	16602.48	54307.04	3935077
NA20129_pat_hprc_r2_v1.0.1.merged.diagonal-distance.32.tp.paf	12009589	0	15481.80	49951.85	2945699	0	15522.43	49939.50	2945695
NA20282_hap1_hprc_r2_v1.0.1.merged.diagonal-distance.32.tp.paf	10500768	0	15962.94	52848.95	2463532	0	16005.47	52836.50	2463513
NA20282_hap2_hprc_r2_v1.0.1.merged.diagonal-distance.32.tp.paf	9009860	0	15496.92	51585.29	5808198	0	15536.21	51573.92	5808216
NA20346_hap1_hprc_r2_v1.0.1.merged.diagonal-distance.32.tp.paf	10094285	0	15218.20	49874.79	4875178	0	15262.51	49861.59	4875152
NA20346_hap2_hprc_r2_v1.0.1.merged.diagonal-distance.32.tp.paf	8924868	0	16117.57	52458.91	3472057	0	16155.52	52447.60	3472039
NA20503_hap1_hprc_r2_v1.0.1.merged.diagonal-distance.32.tp.paf	9679882	0	17060.67	59548.13	3831178	0	17101.57	59536.25	3831147
NA20503_hap2_hprc_r2_v1.0.1.merged.diagonal-distance.32.tp.paf	10037324	0	16834.82	59303.07	3473775	0	16878.63	59290.43	3473748
NA20752_hap1_hprc_r2_v1.0.1.merged.diagonal-distance.32.tp.paf	9844085	0	15616.06	56291.90	5057697	0	15658.93	56280.33	5057676
NA20752_hap2_hprc_r2_v1.0.1.merged.diagonal-distance.32.tp.paf	11248274	0	17184.28	59683.48	3661222	0	17224.54	59672.19	3661253
NA20762_hap1_hprc_r2_v1.0.1.merged.diagonal-distance.32.tp.paf	9642266	0	15597.10	55329.63	2660904	0	15637.09	55318.07	2660872
NA20762_hap2_hprc_r2_v1.0.1.merged.diagonal-distance.32.tp.paf	9182255	0	16649.66	58943.95	3263478	0	16691.50	58931.75	3263447
NA20799_hap1_hprc_r2_v1.0.1.merged.diagonal-distance.32.tp.paf	9435643	0	15853.34	56276.69	2868944	0	15894.15	56265.46	2868931
NA20799_hap2_hprc_r2_v1.0.1.merged.diagonal-distance.32.tp.paf	9551162	0	16616.51	58026.03	3368806	0	16658.46	58014.38	3368832
NA20805_hap1_hprc_r2_v1.0.1.merged.diagonal-distance.32.tp.paf	8229073	0	16501.21	57593.43	4565337	0	16542.64	57581.95	4565312
NA20805_hap2_hprc_r2_v1.0.1.merged.diagonal-distance.32.tp.paf	11657135	0	16807.27	58761.50	3542759	0	16848.47	58750.12	3542790
NA20806_hap1_hprc_r2_v1.0.1.merged.diagonal-distance.32.tp.paf	10982721	0	15356.78	54769.67	4342122	0	15402.44	54756.92	4342091
NA20806_hap2_hprc_r2_v1.0.1.merged.diagonal-distance.32.tp.paf	7493980	0	17533.45	60946.90	3190734	0	17578.14	60934.01	3190752
NA20809_hap1_hprc_r2_v1.0.1.merged.diagonal-distance.32.tp.paf	8988761	0	16464.59	57775.80	3714174	0	16508.61	57763.65	3714195
NA20809_hap2_hprc_r2_v1.0.1.merged.diagonal-distance.32.tp.paf	10095177	0	14564.80	55214.16	3432722	0	14605.11	55203.91	3432699
NA20827_hap1_hprc_r2_v1.0.1.merged.diagonal-distance.32.tp.paf	9812215	0	16268.89	56973.89	2684031	0	16311.15	56961.28	2684052
NA20827_hap2_hprc_r2_v1.0.1.merged.diagonal-distance.32.tp.paf	9444874	0	16262.39	56281.74	2782085	0	16306.30	56268.61	2782061
NA20850_hap1_hprc_r2_v1.0.1.merged.diagonal-distance.32.tp.paf	8124199	0	16380.95	58296.65	5321387	0	16423.19	58284.98	5321403
NA20850_hap2_hprc_r2_v1.0.1.merged.diagonal-distance.32.tp.paf	8279573	0	17065.67	58382.22	2426883	0	17109.42	58369.67	2426912
NA20870_hap1_hprc_r2_v1.0.1.merged.diagonal-distance.32.tp.paf	9911167	0	16980.79	58172.55	3652399	0	17022.53	58160.72	3652416
NA20870_hap2_hprc_r2_v1.0.1.merged.diagonal-distance.32.tp.paf	9445492	0	16853.39	58518.30	3094274	0	16895.06	58506.70	3094269
NA20905_hap1_hprc_r2_v1.0.1.merged.diagonal-distance.32.tp.paf	8899248	0	16229.11	57321.50	2502614	0	16269.51	57310.40	2502629
NA20905_hap2_hprc_r2_v1.0.1.merged.diagonal-distance.32.tp.paf	13276909	0	16128.14	57959.36	4291293	0	16169.85	57948.05	4291317
NA21093_hap1_hprc_r2_v1.0.1.merged.diagonal-distance.32.tp.paf	11331616	0	16144.85	56681.26	6273814	0	16187.86	56669.33	6273800
NA21093_hap2_hprc_r2_v1.0.1.merged.diagonal-distance.32.tp.paf	10253309	0	16365.49	58089.25	8105693	0	16413.63	58076.07	8105674
NA21102_hap1_hprc_r2_v1.0.1.merged.diagonal-distance.32.tp.paf	9017444	0	17305.49	59802.69	5560923	0	17350.23	59790.22	5560916
NA21102_hap2_hprc_r2_v1.0.1.merged.diagonal-distance.32.tp.paf	9768177	0	17195.70	59677.61	3018835	0	17239.30	59665.47	3018835
NA21106_hap1_hprc_r2_v1.0.1.merged.diagonal-distance.32.tp.paf	12665066	0	16171.18	57677.44	2526111	0	16213.00	57666.03	2526118
NA21106_hap2_hprc_r2_v1.0.1.merged.diagonal-distance.32.tp.paf	11346863	0	16787.87	58805.54	5854730	0	16835.51	58792.31	5854743
NA21110_hap1_hprc_r2_v1.0.1.merged.diagonal-distance.32.tp.paf	11320035	0	15113.40	56199.57	3317942	0	15151.82	56189.61	3317973
NA21110_hap2_hprc_r2_v1.0.1.merged.diagonal-distance.32.tp.paf	8666020	0	17625.39	60187.46	3200832	0	17668.55	60175.23	3200810
NA21144_hap1_hprc_r2_v1.0.1.merged.diagonal-distance.32.tp.paf	10106356	0	17483.13	60110.40	4638353	0	17522.35	60099.34	4638371
NA21144_hap2_hprc_r2_v1.0.1.merged.diagonal-distance.32.tp.paf	11089979	0	16832.24	58801.65	4118871	0	16875.90	58789.48	4118885
NA21309_mat_hprc_r2_v1.0.1.merged.diagonal-distance.32.tp.paf	8612098	0	15591.27	51159.78	3955934	0	15633.66	51147.20	3955956
NA21309_pat_hprc_r2_v1.0.1.merged.diagonal-distance.32.tp.paf	10788556	0	15569.25	51275.27	4563585	0	15609.53	51263.40	4563613
chm13v2.0_maskedY_rCRS.fa.PanSN.merged.diagonal-distance.32.tp.paf	82657531	0	17250.11	59701.52	15293973	0	17293.75	59689.42	15293993
hg002v1.1.mat_MT.PanSN.merged.diagonal-distance.32.tp.paf	8802236	0	17710.36	61100.66	4883349	0	17756.69	61087.57	4883320
hg002v1.1.pat.PanSN.merged.diagonal-distance.32.tp.paf	8509809	0	15993.91	57004.63	2630226	0	16036.94	56992.94	2630241
TOTAL	4697265157	0	16274.25	56114.70	27482620	0	16316.00	56102.98	27482599
