dataset	paf_file	cm	mc	decode_mode	size_cigar_bytes	size_tp_bytes	num_tracepoints	size_tpa_bytes	encode_runtime_sec	encode_memory_kb	compress_runtime_sec	compress_memory_kb	decompress_runtime_sec	decompress_memory_kb	decode_runtime_sec	decode_memory_kb	num_alignments	score_identical	score_improved	score_degraded
primates	chm13#1.p70.aln	diagonal-distance	16	heuristic	4411719072	146531108	20214435	54017765	1.52	2553900	2.03	13240	1.69	6492	1472.03	160671556	26855	10645	16210	0
primates	chm13#1.p70.aln	diagonal-distance	32	heuristic	4411719072	84438822	10807835	31580105	1.54	2515428	1.16	12952	0.94	5176	1327.29	223130368	26855	7274	19581	0
primates	chm13#1.p70.aln	diagonal-distance	64	heuristic	4411719072	51650316	6060178	19875339	1.53	2545608	0.69	13276	0.54	4740	1237.72	310321208	26855	6029	20826	0
primates	chm13#1.p70.aln	edit-distance	128	heuristic	4411719072	126953177	13577099	38460756	1.62	2536948	1.4	15108	1.29	6036	45.7	19537424	26855	6037	20818	0
primates	chm13#1.p70.aln	edit-distance	16	heuristic	4411719072	663908961	86970388	200599888	1.72	2561832	7.76	21168	7.3	16592	26.89	15394660	26855	13695	13160	0
primates	chm13#1.p70.aln	edit-distance	256	heuristic	4411719072	76163864	7847332	24584161	1.52	2558940	0.87	13176	0.79	5092	120.07	21735308	26855	5016	21839	0
primates	chm13#1.p70.aln	edit-distance	32	heuristic	4411719072	377173676	45810061	111626583	1.62	2566300	4.27	17240	4.02	10620	27.92	16371804	26855	8965	17890	0
primates	chm13#1.p70.aln	edit-distance	64	heuristic	4411719072	222126103	24544139	63906250	1.58	2569920	2.4	14240	2.27	7572	32.63	18024760	26855	6947	19908	0
primates	grch38#1.p70.aln	diagonal-distance	16	heuristic	4062518881	125859029	16956640	46062781	1.38	2460316	1.71	13188	1.43	6492	115.51	48886556	22183	9542	12641	0
primates	grch38#1.p70.aln	diagonal-distance	32	heuristic	4062518881	73682212	9252453	27409890	1.35	2456696	0.99	13152	0.8	5328	120.76	57525536	22183	6170	16013	0
primates	grch38#1.p70.aln	diagonal-distance	64	heuristic	4062518881	47516422	5555396	18291283	1.38	2488668	0.63	13084	0.5	4552	257.9	86528964	22183	4915	17268	0
primates	grch38#1.p70.aln	edit-distance	128	heuristic	4062518881	114881007	12126373	34789889	1.42	2517412	1.25	13244	1.17	5984	41.65	17784928	22183	4945	17238	0
primates	grch38#1.p70.aln	edit-distance	16	heuristic	4062518881	599876087	76713225	179736890	1.61	2516868	6.97	22140	6.51	16584	25.93	14759672	22183	12483	9700	0
primates	grch38#1.p70.aln	edit-distance	256	heuristic	4062518881	69197729	7079390	22449071	1.42	2496428	0.78	13228	0.71	5020	105.91	20315020	22183	4031	18152	0
primates	grch38#1.p70.aln	edit-distance	32	heuristic	4062518881	338989639	40467116	100121220	1.44	2481412	3.79	17144	3.57	10640	26.03	15305764	22183	7896	14287	0
primates	grch38#1.p70.aln	edit-distance	64	heuristic	4062518881	200015149	21750044	57450356	1.41	2555044	2.15	16608	2.06	7328	30.04	15586144	22183	5833	16350	0
primates	hg002#M.p70.aln	diagonal-distance	16	heuristic	5217591703	185031143	25605358	68588997	1.89	2516432	2.62	13488	2.15	6392	2058.23	169778796	57355	20557	36798	0
primates	hg002#M.p70.aln	diagonal-distance	32	heuristic	5217591703	109025399	13837268	40861096	1.87	2517876	1.55	12840	1.19	5364	1756.94	226607604	57355	13705	43650	0
primates	hg002#M.p70.aln	diagonal-distance	64	heuristic	5217591703	66871272	7597156	25475725	1.92	2454980	0.94	13112	0.69	4856	1531.37	319674736	57355	11260	46095	0
primates	hg002#M.p70.aln	edit-distance	128	heuristic	5217591703	157350164	16908135	48154908	1.92	2573600	1.81	13272	1.62	5888	55.24	19390140	57355	11415	45940	0
primates	hg002#M.p70.aln	edit-distance	16	heuristic	5217591703	799041338	107810923	245986875	2.2	2542396	9.67	22228	8.97	14704	28.59	14690500	57355	26938	30417	0
primates	hg002#M.p70.aln	edit-distance	256	heuristic	5217591703	95928500	9745231	30908991	1.91	2468448	1.16	12948	0.99	4932	141.84	18098728	57355	9177	48178	0
primates	hg002#M.p70.aln	edit-distance	32	heuristic	5217591703	460914041	56886189	137634256	1.99	2497448	5.4	17060	4.97	9808	32.82	15642468	57355	17616	39739	0
primates	hg002#M.p70.aln	edit-distance	64	heuristic	5217591703	272584937	30579031	79467431	1.97	2491364	3.05	14312	2.83	7120	38.96	17309604	57355	13283	44072	0
primates	hg002#P.p70.aln	diagonal-distance	16	heuristic	5153246180	181745858	25137543	67403010	1.95	2529648	2.58	13260	2.13	6540	2462.37	185852360	57914	20876	37038	0
primates	hg002#P.p70.aln	diagonal-distance	32	heuristic	5153246180	107822183	13680396	40460073	1.88	2532232	1.52	14848	1.21	5268	1993.36	258835776	57914	14041	43873	0
primates	hg002#P.p70.aln	diagonal-distance	64	heuristic	5153246180	66919111	7615961	25528490	1.9	2536204	0.95	13084	0.7	4680	1632.39	341348404	57914	11489	46425	0
primates	hg002#P.p70.aln	edit-distance	128	heuristic	5153246180	155662113	16733216	47733680	1.93	2528460	1.79	15904	1.63	5892	54.23	18586488	57914	11686	46228	0
primates	hg002#P.p70.aln	edit-distance	16	heuristic	5153246180	788352966	106284377	242595088	2.18	2538460	9.57	22956	8.79	16688	30.63	15465524	57914	27276	30638	0
primates	hg002#P.p70.aln	edit-distance	256	heuristic	5153246180	95105425	9658427	30695584	1.89	2563468	1.15	13304	1	4988	139.93	19042316	57914	9384	48530	0
primates	hg002#P.p70.aln	edit-distance	32	heuristic	5153246180	454090769	56100752	135846026	1.9	2547252	5.28	17472	4.97	10696	31.62	15660916	57914	17874	40040	0
primates	hg002#P.p70.aln	edit-distance	64	heuristic	5153246180	268953266	30206087	78593775	1.89	2590272	3.04	15112	2.84	7584	38.79	16694840	57914	13590	44324	0
primates	mGorGor1#M.p70.aln	diagonal-distance	16	heuristic	5347573193	176442479	24331178	65014623	1.86	2501228	2.43	13396	2.03	6492	2033.1	174488904	34774	14339	20435	0
primates	mGorGor1#M.p70.aln	diagonal-distance	32	heuristic	5347573193	101335917	12929013	37781662	1.85	2549028	1.39	12712	1.11	5176	1735.62	256072116	34774	7955	26819	0
primates	mGorGor1#M.p70.aln	diagonal-distance	64	heuristic	5347573193	61315051	7124709	23434098	1.87	2563308	0.82	12956	0.63	4692	1693.54	398042456	34774	6214	28560	0
primates	mGorGor1#M.p70.aln	edit-distance	128	heuristic	5347573193	152987851	16390575	46206857	1.9	2558976	1.69	13348	1.57	5944	55.51	15974600	34774	6226	28548	0
primates	mGorGor1#M.p70.aln	edit-distance	16	heuristic	5347573193	798772778	105416252	241788103	2.07	2493688	9.41	22312	8.75	16736	31.35	16155716	34774	18032	16742	0
primates	mGorGor1#M.p70.aln	edit-distance	256	heuristic	5347573193	92088400	9402954	29315895	1.86	2547620	1.07	13112	0.95	5060	140.62	17366988	34774	4743	30031	0
primates	mGorGor1#M.p70.aln	edit-distance	32	heuristic	5347573193	459852488	55662646	134962862	1.88	2581748	5.21	17680	4.89	10628	34.78	16075868	34774	11296	23478	0
primates	mGorGor1#M.p70.aln	edit-distance	64	heuristic	5347573193	269166824	29781262	77161483	1.86	2557280	2.89	14568	2.76	7492	39.69	15666304	34774	7610	27164	0
primates	mGorGor1#P.p70.aln	diagonal-distance	16	heuristic	5227007385	172781860	23847126	63714998	1.79	2500932	2.4	13416	2	6524	2107.18	185820620	34045	14225	19820	0
primates	mGorGor1#P.p70.aln	diagonal-distance	32	heuristic	5227007385	99499814	12713338	37143458	1.83	2498424	1.37	13092	1.1	5260	1740.79	256022948	34045	7830	26215	0
primates	mGorGor1#P.p70.aln	diagonal-distance	64	heuristic	5227007385	60499481	7050762	23153986	1.86	2549264	0.82	12892	0.63	4672	1658.96	410691696	34045	6027	28018	0
primates	mGorGor1#P.p70.aln	edit-distance	128	heuristic	5227007385	149826748	16057677	45269350	1.87	2545968	1.68	13436	1.53	5976	54.42	16575804	34045	6010	28035	0
primates	mGorGor1#P.p70.aln	edit-distance	16	heuristic	5227007385	780504299	103037511	236262939	2.02	2518872	9.21	23296	8.61	16696	30.49	15754532	34045	17994	16051	0
primates	mGorGor1#P.p70.aln	edit-distance	256	heuristic	5227007385	90113990	9215788	28730584	1.86	2530180	1.05	12756	0.93	4992	135.99	17006964	34045	4698	29347	0
primates	mGorGor1#P.p70.aln	edit-distance	32	heuristic	5227007385	449068551	54422569	131925662	1.88	2569588	5.12	17312	4.76	10524	34.46	16164444	34045	11000	23045	0
primates	mGorGor1#P.p70.aln	edit-distance	64	heuristic	5227007385	263233689	29149790	75514875	1.83	2529148	2.91	14364	2.7	7292	39.72	16226472	34045	7463	26582	0
primates	mPanPan1#M.p70.aln	diagonal-distance	16	heuristic	4754574405	159594328	21879509	58811497	1.65	2435792	2.21	13200	1.81	6404	1576.75	178905944	33406	14702	18704	0
primates	mPanPan1#M.p70.aln	diagonal-distance	32	heuristic	4754574405	92167060	11690702	34408680	1.71	2431376	1.27	13188	1.01	5308	1313.53	236048080	33406	8032	25374	0
primates	mPanPan1#M.p70.aln	diagonal-distance	64	heuristic	4754574405	56415894	6521321	21586265	1.7	2459652	0.77	13352	0.6	4680	1371.91	330536424	33406	6325	27081	0
primates	mPanPan1#M.p70.aln	edit-distance	128	heuristic	4754574405	138255660	14764705	41844417	1.67	2486548	1.55	13180	1.41	5948	49.96	15268260	33406	6277	27129	0
primates	mPanPan1#M.p70.aln	edit-distance	16	heuristic	4754574405	717901748	94276308	217081263	1.91	2435004	8.51	22824	7.88	16448	28.38	13590376	33406	18515	14891	0
primates	mPanPan1#M.p70.aln	edit-distance	256	heuristic	4754574405	83584893	8522367	26740782	1.65	2494748	0.97	13132	0.86	4976	126.8	18080524	33406	4821	28585	0
primates	mPanPan1#M.p70.aln	edit-distance	32	heuristic	4754574405	410268726	49829171	121293397	1.66	2447852	4.68	17104	4.3	10632	31.48	14032220	33406	10796	22610	0
primates	mPanPan1#M.p70.aln	edit-distance	64	heuristic	4754574405	241213627	26709669	69518691	1.71	2444820	2.67	14836	2.48	7416	37.34	14730748	33406	7776	25630	0
primates	mPanPan1#P.p70.aln	diagonal-distance	16	heuristic	4684393322	158676073	21819215	58563620	1.63	2400436	2.21	15256	1.8	6908	1475.77	156169756	32996	14161	18835	0
primates	mPanPan1#P.p70.aln	diagonal-distance	32	heuristic	4684393322	92010605	11722495	34435526	1.66	2427104	1.27	13596	1.02	5504	1443.7	219673636	32996	7847	25149	0
primates	mPanPan1#P.p70.aln	diagonal-distance	64	heuristic	4684393322	56306109	6542849	21594768	1.66	2409116	0.77	13068	0.59	4844	1404.96	321284540	32996	6117	26879	0
primates	mPanPan1#P.p70.aln	edit-distance	128	heuristic	4684393322	136869649	14652394	41498584	1.68	2447808	1.52	13112	1.41	6296	49.2	15590644	32996	6099	26897	0
primates	mPanPan1#P.p70.aln	edit-distance	16	heuristic	4684393322	708766476	93289894	214560508	1.88	2476424	8.41	24616	7.77	19292	27.88	13408120	32996	17947	15049	0
primates	mPanPan1#P.p70.aln	edit-distance	256	heuristic	4684393322	82687565	8452553	26498440	1.7	2448264	0.97	13236	0.86	5152	123.9	18302948	32996	4714	28282	0
primates	mPanPan1#P.p70.aln	edit-distance	32	heuristic	4684393322	405009227	49351119	120014718	1.66	2473604	4.7	18588	4.29	11816	31.97	14254700	32996	10446	22550	0
primates	mPanPan1#P.p70.aln	edit-distance	64	heuristic	4684393322	238555106	26498269	68912597	1.73	2458436	2.65	17096	2.46	8076	36.77	15209008	32996	7571	25425	0
primates	mPanTro3#1.p70.aln	diagonal-distance	16	heuristic	4756842317	158196581	21666457	58268753	1.65	2511928	2.18	14172	1.8	6736	1770.35	171570200	32687	14286	18401	0
primates	mPanTro3#1.p70.aln	diagonal-distance	32	heuristic	4756842317	91533169	11608567	34162389	1.69	2492884	1.28	13556	1	5508	1506	238252332	32687	7843	24844	0
primates	mPanTro3#1.p70.aln	diagonal-distance	64	heuristic	4756842317	56074550	6486006	21459663	1.68	2487628	0.77	13032	0.63	4744	1468.15	364882676	32687	6140	26547	0
primates	mPanTro3#1.p70.aln	edit-distance	128	heuristic	4756842317	137786918	14705151	41695404	1.78	2528060	1.54	13288	1.4	6280	49.32	17024932	32687	6166	26521	0
primates	mPanTro3#1.p70.aln	edit-distance	16	heuristic	4756842317	716088077	93891968	216413650	1.87	2567796	8.49	26308	7.88	19228	28.03	17653812	32687	18181	14506	0
primates	mPanTro3#1.p70.aln	edit-distance	256	heuristic	4756842317	83222464	8479251	26608897	1.72	2608144	0.98	13216	0.85	5276	125.07	18938664	32687	4718	27969	0
primates	mPanTro3#1.p70.aln	edit-distance	32	heuristic	4756842317	408936204	49666379	121001788	1.69	2529824	4.67	17616	4.29	11800	31.65	17601900	32687	10504	22183	0
primates	mPanTro3#1.p70.aln	edit-distance	64	heuristic	4756842317	240416965	26621097	69337526	1.78	2524020	2.65	14808	2.45	8068	36.71	16539596	32687	7540	25147	0
primates	mPanTro3#2.p70.aln	diagonal-distance	16	heuristic	4710787970	157800108	21663078	58191770	1.61	2583160	2.17	13084	1.78	6192	1834.09	174014480	33019	14496	18523	0
primates	mPanTro3#2.p70.aln	diagonal-distance	32	heuristic	4710787970	91424209	11622099	34165808	1.67	2508464	1.26	13028	1	5084	1462.94	230309732	33019	7892	25127	0
primates	mPanTro3#2.p70.aln	diagonal-distance	64	heuristic	4710787970	55984244	6488033	21439259	1.6	2491852	0.77	13372	0.59	4784	1410.43	327749956	33019	6176	26843	0
primates	mPanTro3#2.p70.aln	edit-distance	128	heuristic	4710787970	136945539	14646287	41476790	1.63	2535596	1.55	13288	1.39	5876	49.1	17772416	33019	6147	26872	0
primates	mPanTro3#2.p70.aln	edit-distance	16	heuristic	4710787970	710559167	93435935	214909913	1.88	2552768	8.41	23160	7.79	16608	28.8	16754796	33019	18382	14637	0
primates	mPanTro3#2.p70.aln	edit-distance	256	heuristic	4710787970	82734976	8438900	26451253	1.64	2552784	0.98	13132	0.86	5144	124.21	19380144	33019	4719	28300	0
primates	mPanTro3#2.p70.aln	edit-distance	32	heuristic	4710787970	405989865	49437747	120224609	1.63	2542488	4.66	19516	4.31	10548	30.82	17073032	33019	10594	22425	0
primates	mPanTro3#2.p70.aln	edit-distance	64	heuristic	4710787970	238813733	26515826	68953125	1.64	2582832	2.61	14704	2.44	7440	36.52	17190732	33019	7545	25474	0
primates	mPonAbe1#1.p70.aln	diagonal-distance	16	heuristic	5738888639	174062937	23751862	63962432	1.95	2546528	2.38	14324	1.97	6456	225.11	66121364	31271	11724	19547	0
primates	mPonAbe1#1.p70.aln	diagonal-distance	32	heuristic	5738888639	102272635	12991314	37967499	2.02	2558840	1.41	12892	1.12	5252	261.25	75805540	31271	7783	23488	0
primates	mPonAbe1#1.p70.aln	diagonal-distance	64	heuristic	5738888639	65847694	7737411	25097880	1.95	2612820	0.89	13320	0.69	4672	376.6	96396784	31271	6458	24813	0
primates	mPonAbe1#1.p70.aln	edit-distance	128	heuristic	5738888639	163959956	17391277	48967272	2.01	2663412	1.79	12716	1.67	6080	60.26	18114104	31271	6484	24787	0
primates	mPonAbe1#1.p70.aln	edit-distance	16	heuristic	5738888639	844328884	110808062	254004949	2.27	2556948	9.8	25208	9.1	17516	37.48	15859332	31271	15271	16000	0
primates	mPonAbe1#1.p70.aln	edit-distance	256	heuristic	5738888639	96369543	10080851	31376323	2	2633064	1.11	13108	1	5096	148.05	19607232	31271	5083	26188	0
primates	mPonAbe1#1.p70.aln	edit-distance	32	heuristic	5738888639	469950834	58355849	141487548	1.99	2621948	5.41	17388	5.02	11020	39.57	17232284	31271	9780	21491	0
primates	mPonAbe1#1.p70.aln	edit-distance	64	heuristic	5738888639	284427300	31330060	81174370	1.98	2590836	3.07	14628	2.95	7808	44.04	17682912	31271	7500	23771	0
primates	mPonAbe1#2.p70.aln	diagonal-distance	16	heuristic	5623435917	171470438	23441932	63035845	2.05	2586364	2.35	14220	1.98	6652	192.24	60169800	30901	11511	19390	0
primates	mPonAbe1#2.p70.aln	diagonal-distance	32	heuristic	5623435917	100494575	12781566	37312809	1.95	2534132	1.39	12792	1.11	5232	223.26	69182596	30901	7702	23199	0
primates	mPonAbe1#2.p70.aln	diagonal-distance	64	heuristic	5623435917	64473280	7578432	24568771	1.98	2581508	0.87	13284	0.67	4644	380.01	99066304	30901	6411	24490	0
primates	mPonAbe1#2.p70.aln	edit-distance	128	heuristic	5623435917	160842853	17066431	47993427	1.95	2654824	1.75	13064	1.64	6056	59.04	17982732	30901	6374	24527	0
primates	mPonAbe1#2.p70.aln	edit-distance	16	heuristic	5623435917	828970355	108886243	249232716	2.24	2609692	9.8	23608	8.98	17544	35.98	16218592	30901	14942	15959	0
primates	mPonAbe1#2.p70.aln	edit-distance	256	heuristic	5623435917	94490804	9886086	30734282	2	2596636	1.09	13164	0.99	4968	146.92	19423616	30901	5080	25821	0
primates	mPonAbe1#2.p70.aln	edit-distance	32	heuristic	5623435917	460874419	57325115	138794860	2.06	2607808	5.32	18008	4.94	11000	37.89	17394016	30901	9703	21198	0
primates	mPonAbe1#2.p70.aln	edit-distance	64	heuristic	5623435917	278913378	30760423	79595991	2.08	2629212	3.04	12888	2.9	7652	42.89	18024600	30901	7373	23528	0
primates	mPonPyg2#1.p70.aln	diagonal-distance	16	heuristic	5755105316	175581245	24009519	64569873	1.99	2578448	2.44	12284	2.02	6500	217.96	63963824	31612	11297	20315	0
primates	mPonPyg2#1.p70.aln	diagonal-distance	32	heuristic	5755105316	103155142	13132338	38329377	2.02	2645932	1.4	13684	1.13	5400	247.31	73944200	31612	7393	24219	0
primates	mPonPyg2#1.p70.aln	diagonal-distance	64	heuristic	5755105316	66183775	7786943	25234135	2	2597536	0.89	13340	0.69	4648	348.9	94824572	31612	6078	25534	0
primates	mPonPyg2#1.p70.aln	edit-distance	128	heuristic	5755105316	164745088	17501710	49230211	2.06	2561680	1.8	13088	1.69	6048	58.95	17783612	31612	6139	25473	0
primates	mPonPyg2#1.p70.aln	edit-distance	16	heuristic	5755105316	847864285	111543723	255375548	2.28	2605332	9.96	23432	9.23	17632	39.13	15826372	31612	14823	16789	0
primates	mPonPyg2#1.p70.aln	edit-distance	256	heuristic	5755105316	96765981	10132149	31505955	1.99	2661092	1.12	13288	1.02	5184	149.47	20183468	31612	4812	26800	0
primates	mPonPyg2#1.p70.aln	edit-distance	32	heuristic	5755105316	472224075	58748772	142275671	2	2660136	5.45	19672	5.08	11028	39.59	15750864	31612	9458	22154	0
primates	mPonPyg2#1.p70.aln	edit-distance	64	heuristic	5755105316	285852795	31544126	81645454	1.98	2646772	3.1	12920	2.95	7756	44.12	16892700	31612	7090	24522	0
primates	mPonPyg2#2.p70.aln	diagonal-distance	16	heuristic	5621804960	171551257	23462122	63092736	1.98	2588868	2.38	12944	1.96	6160	249.57	69955676	31088	11245	19843	0
primates	mPonPyg2#2.p70.aln	diagonal-distance	32	heuristic	5621804960	100709823	12822118	37424342	2	2575884	1.38	12972	1.1	5016	272.98	80926456	31088	7490	23598	0
primates	mPonPyg2#2.p70.aln	diagonal-distance	64	heuristic	5621804960	64633144	7605127	24645379	1.98	2621636	0.88	13368	0.68	4604	364.78	98237856	31088	6256	24832	0
primates	mPonPyg2#2.p70.aln	edit-distance	128	heuristic	5621804960	160968582	17095580	48072028	1.95	2616076	1.76	13116	1.73	5768	58.64	18051876	31088	6320	24768	0
primates	mPonPyg2#2.p70.aln	edit-distance	16	heuristic	5621804960	828861961	109007951	249452147	2.28	2652712	9.87	24040	9.06	15532	38.81	16060772	31088	14720	16368	0
primates	mPonPyg2#2.p70.aln	edit-distance	256	heuristic	5621804960	94539545	9895652	30761903	2.04	2669376	1.09	15248	0.99	5036	146.09	20797976	31088	4971	26117	0
primates	mPonPyg2#2.p70.aln	edit-distance	32	heuristic	5621804960	461083338	57407410	138971657	2.05	2631472	5.31	17264	4.92	10040	39.97	16707280	31088	9508	21580	0
primates	mPonPyg2#2.p70.aln	edit-distance	64	heuristic	5621804960	279151795	30819917	79740916	2.04	2618164	3.06	14804	2.92	7264	44.28	16194216	31088	7193	23895	0
primates	mSymSyn1#1.p70.aln	diagonal-distance	16	heuristic	6879822004	232262974	32033814	86640511	2.23	2458216	3.22	13380	2.68	6124	144.6	41445900	38128	13950	24178	0
primates	mSymSyn1#1.p70.aln	diagonal-distance	32	heuristic	6879822004	143730029	18579651	54127988	2.25	2433176	1.94	12940	1.58	5212	200.85	50459156	38128	9483	28645	0
primates	mSymSyn1#1.p70.aln	diagonal-distance	64	heuristic	6879822004	99196932	12026415	38075727	2.33	2421876	1.3	12968	1.06	4704	294.48	63280988	38128	8147	29981	0
primates	mSymSyn1#1.p70.aln	edit-distance	128	heuristic	6879822004	212884181	23264376	66130325	2.29	2449960	2.41	13476	2.24	5612	69.49	12179876	38128	8278	29850	0
primates	mSymSyn1#1.p70.aln	edit-distance	16	heuristic	6879822004	1038829130	137423832	313934767	2.6	2459912	12.3	19236	11.27	13448	37.54	9776976	38128	18555	19573	0
primates	mSymSyn1#1.p70.aln	edit-distance	256	heuristic	6879822004	130961272	14279557	44803453	2.28	2440308	1.57	12980	1.42	4900	177.2	14868196	38128	5272	32856	0
primates	mSymSyn1#1.p70.aln	edit-distance	32	heuristic	6879822004	574625934	73312077	177913771	2.26	2451832	6.76	15452	6.1	8820	41.59	10176172	38128	11913	26215	0
primates	mSymSyn1#1.p70.aln	edit-distance	64	heuristic	6879822004	354049471	40303873	105034632	2.31	2403272	3.98	15932	3.78	6696	49.51	10696416	38128	9152	28976	0
primates	mSymSyn1#2.p70.aln	diagonal-distance	16	heuristic	6745937753	228560548	31568723	85292570	2.29	2444784	4.49	13220	2.62	6096	140.53	42078460	37804	13684	24120	0
primates	mSymSyn1#2.p70.aln	diagonal-distance	32	heuristic	6745937753	141312308	18288683	53241815	2.28	2449312	1.93	12944	1.56	5124	190.03	49172296	37804	9328	28476	0
primates	mSymSyn1#2.p70.aln	diagonal-distance	64	heuristic	6745937753	97350367	11811427	37380213	2.28	2428416	1.3	13184	1.04	4772	272.76	61599416	37804	8016	29788	0
primates	mSymSyn1#2.p70.aln	edit-distance	128	heuristic	6745937753	208985571	22848400	64916065	2.25	2400020	2.35	15472	2.2	5552	67.67	12521804	37804	8194	29610	0
primates	mSymSyn1#2.p70.aln	edit-distance	16	heuristic	6745937753	1020188948	135092040	308363813	2.6	2438284	12.07	18732	11	13156	36.62	10000108	37804	18180	19624	0
primates	mSymSyn1#2.p70.aln	edit-distance	256	heuristic	6745937753	128482770	14008085	43935864	2.31	2412768	1.53	13556	1.39	4996	174.55	15513556	37804	5331	32473	0
primates	mSymSyn1#2.p70.aln	edit-distance	32	heuristic	6745937753	564063415	72054239	174739304	2.25	2426684	6.64	15480	6.06	8988	41.71	10312820	37804	11831	25973	0
primates	mSymSyn1#2.p70.aln	edit-distance	64	heuristic	6745937753	347460590	39608030	103155796	2.25	2422076	3.89	13804	3.7	6812	49.3	10691840	37804	9121	28683	0
