Dataset,Record Count,Sequence Length,Error,Tracepoint Type,sample.seq,dataset.fa,fastga.paf,tmp.paf,cigzip.paf,tp.paf,decompressed.paf,,Seq File (MB),FASTA file (MB),FastGA PAF (MB),Tracepoint Encoded PAF (MB),tmp.paf,cigzip.paf,decompressed.paf
N1001_R10000_L100_E0.01,10000,100,0.01,standard,2040215,2268003,2451779,3672612,3620827,2300340,3620827,,1.95,2.16,2.34,2.19,3.50,3.45,3.45
N1002_R10000_L1000_E0.01,10000,1000,0.01,standard,20039798,20267586,4620584,5386482,6241058,3468844,6241058,,19.11,19.33,4.41,3.31,5.14,5.95,5.95
N1003_R10000_L10000_E0.01,10000,10000,0.01,standard,200041104,200268892,14271084,5712491,15895552,4307550,15895552,,190.77,190.99,13.61,4.11,5.45,15.16,15.16
N1004_R10000_L100_E0.05,10000,100,0.05,standard,2039932,2267720,1672312,2529968,2474192,1587762,2474192,,1.95,2.16,1.59,1.51,2.41,2.36,2.36
N1005_R10000_L1000_E0.05,10000,1000,0.05,standard,20040095,20267883,7875100,5375988,9504509,3591228,9504509,,19.11,19.33,7.51,3.42,5.13,9.06,9.06
N1006_R10000_L10000_E0.05,10000,10000,0.05,standard,200044297,200272085,47135693,5715472,48854515,6019128,48854515,,190.78,190.99,44.95,5.74,5.45,46.59,46.59
N1007_R10000_L100_E0.1,10000,100,0.1,standard,2040133,2267921,1665994,2521768,2465994,1581768,2465994,,1.95,2.16,1.59,1.51,2.40,2.35,2.35
N1008_R10000_L1000_E0.1,10000,1000,0.1,standard,20039535,20267323,6083344,3915519,7278286,2664944,7278286,,19.11,19.33,5.80,2.54,3.73,6.94,6.94
N1009_R10000_L10000_E0.1,10000,10000,0.1,standard,200042833,200270621,80498870,5708306,82473276,8215632,82473276,,190.78,190.99,76.77,7.84,5.44,78.65,78.65
N1010_R10000_L100_E0.2,10000,100,0.2,standard,2039622,2267410,1663703,2519028,2463543,1579216,2463543,,1.95,2.16,1.59,1.51,2.40,2.35,2.35
N1011_R10000_L1000_E0.2,10000,1000,0.2,standard,20041316,20269104,1809125,2678802,2609567,1738664,2609567,,19.11,19.33,1.73,1.66,2.55,2.49,2.49
N1012_R10000_L10000_E0.2,10000,10000,0.2,standard,200041051,200268839,4854911,2901746,5700621,2127744,5700621,,190.77,190.99,4.63,2.03,2.77,5.44,5.44
N2001_R10000_L100_E0.01,10000,100,0.01,mixed,2040231,2268019,2446687,3665310,3613243,2295950,3613243,,1.95,2.16,2.33,2.19,3.50,3.45,3.45
N2002_R10000_L1000_E0.01,10000,1000,0.01,mixed,20039815,20267603,4620356,5386747,6240747,3469106,6240747,,19.11,19.33,4.41,3.31,5.14,5.95,5.95
N2003_R10000_L10000_E0.01,10000,10000,0.01,mixed,200040782,200268570,14269808,5711622,15895151,4306518,15895151,,190.77,190.99,13.61,4.11,5.45,15.16,15.16
N2004_R10000_L100_E0.05,10000,100,0.05,mixed,2040180,2267968,1672533,2530340,2474413,1588138,2474413,,1.95,2.16,1.60,1.51,2.41,2.36,2.36
N2005_R10000_L1000_E0.05,10000,1000,0.05,mixed,20039669,20267457,7875332,5376072,9504862,3591310,9504862,,19.11,19.33,7.51,3.42,5.13,9.06,9.06
N2006_R10000_L10000_E0.05,10000,10000,0.05,mixed,200044124,200271912,47123791,5715705,48843308,6017364,48843308,,190.78,190.99,44.94,5.74,5.45,46.58,46.58
N2007_R10000_L100_E0.1,10000,100,0.1,mixed,2039700,2267488,1665770,2521512,2465770,1581512,2465770,,1.95,2.16,1.59,1.51,2.40,2.35,2.35
N2008_R10000_L1000_E0.1,10000,1000,0.1,mixed,20040384,20268172,6104325,3922529,7300751,2670040,7300751,,19.11,19.33,5.82,2.55,3.74,6.96,6.96
N2009_R10000_L10000_E0.1,10000,10000,0.1,mixed,200038251,200266039,80496404,5707961,82482733,8215490,82482733,,190.77,190.99,76.77,7.83,5.44,78.66,78.66
N2010_R10000_L100_E0.2,10000,100,0.2,mixed,2039974,2267762,1663794,2519132,2463634,1579320,2463634,,1.95,2.16,1.59,1.51,2.40,2.35,2.35
N2011_R10000_L1000_E0.2,10000,1000,0.2,mixed,20040189,20267977,1807385,2677956,2607773,1737850,2607773,,19.11,19.33,1.72,1.66,2.55,2.49,2.49
N2012_R10000_L10000_E0.2,10000,10000,0.2,mixed,200041575,200269363,5035337,2905374,5883037,2141636,5883037,,190.77,190.99,4.80,2.04,2.77,5.61,5.61
N3001_R10000_L100_E0.01,10000,100,0.01,variable,2040089,2267877,2446144,3664368,3612632,2204652,3612632,,1.95,2.16,2.33,2.10,3.49,3.45,3.45
N3002_R10000_L1000_E0.01,10000,1000,0.01,variable,20039745,20267533,4620821,5386925,6241278,3358538,6241278,,19.11,19.33,4.41,3.20,5.14,5.95,5.95
N3003_R10000_L10000_E0.01,10000,10000,0.01,variable,200039962,200267750,14268659,5712478,15893278,4147676,15893278,,190.77,190.99,13.61,3.96,5.45,15.16,15.16
N3004_R10000_L100_E0.05,10000,100,0.05,variable,2039904,2267692,1671107,2528356,2472675,1510489,2472675,,1.95,2.16,1.59,1.44,2.41,2.36,2.36
N3005_R10000_L1000_E0.05,10000,1000,0.05,variable,20040647,20268435,7872833,5376078,9502205,3479929,9502205,,19.11,19.33,7.51,3.32,5.13,9.06,9.06
N3006_R10000_L10000_E0.05,10000,10000,0.05,variable,200038643,200266431,47128926,5713480,48849734,5790354,48849734,,190.77,190.99,44.95,5.52,5.45,46.59,46.59
N3007_R10000_L100_E0.1,10000,100,0.1,variable,2040035,2267823,1666022,2521800,2466022,1506022,2466022,,1.95,2.16,1.59,1.44,2.40,2.35,2.35
N3008_R10000_L1000_E0.1,10000,1000,0.1,variable,20040790,20268578,6120439,3927586,7318224,2569259,7318224,,19.11,19.33,5.84,2.45,3.75,6.98,6.98
N3009_R10000_L10000_E0.1,10000,10000,0.1,variable,200039533,200267321,80490564,5707380,82472711,7902912,82472711,,190.77,190.99,76.76,7.54,5.44,78.65,78.65
N3010_R10000_L100_E0.2,10000,100,0.2,variable,2039907,2267695,1663837,2519242,2463757,1503853,2463757,,1.95,2.16,1.59,1.43,2.40,2.35,2.35
N3011_R10000_L1000_E0.2,10000,1000,0.2,variable,20039785,20267573,1812763,2678924,2613584,1643522,2613584,,19.11,19.33,1.73,1.57,2.55,2.49,2.49
N3012_R10000_L10000_E0.2,10000,10000,0.2,variable,200042765,200270553,4853251,2901160,5700160,2003988,5700160,,190.78,190.99,4.63,1.91,2.77,5.44,5.44
N4001_R10000_L100_E0.01,10000,100,0.01,fastga,2039878,2267666,2446130,3664378,3613058,2257345,3613058,,1.95,2.16,2.33,2.15,3.49,3.45,3.45
N4002_R10000_L1000_E0.01,10000,1000,0.01,fastga,20039933,20267721,4620636,5387438,6241082,5464990,6241082,,19.11,19.33,4.41,5.21,5.14,5.95,5.95
N4003_R10000_L10000_E0.01,10000,10000,0.01,fastga,200039680,200267468,14271020,5712540,15895702,26919852,15895702,,190.77,190.99,13.61,25.67,5.45,15.16,15.16
N4004_R10000_L100_E0.05,10000,100,0.05,fastga,2040021,2267809,1672820,2530670,2475022,1567892,2475022,,1.95,2.16,1.60,1.50,2.41,2.36,2.36
N4005_R10000_L1000_E0.05,10000,1000,0.05,fastga,20039540,20267328,7873446,5375311,9503390,5425456,9503390,,19.11,19.33,7.51,5.17,5.13,9.06,9.06
N4006_R10000_L10000_E0.05,10000,10000,0.05,fastga,200038667,200266455,47124091,5713861,48845704,26612251,48845704,,190.77,190.99,44.94,25.38,5.45,46.58,46.58
N4007_R10000_L100_E0.1,10000,100,0.1,fastga,2039953,2267741,1666078,2521864,2466078,1563042,2466078,,1.95,2.16,1.59,1.49,2.41,2.35,2.35
N4008_R10000_L1000_E0.1,10000,1000,0.1,fastga,20040772,20268560,6110907,3924142,7308041,4030634,7308041,,19.11,19.33,5.83,3.84,3.74,6.97,6.97
N4009_R10000_L10000_E0.1,10000,10000,0.1,fastga,200044101,200271889,80503329,5709133,82482695,27381697,82482695,,190.78,190.99,76.77,26.11,5.44,78.66,78.66
N4010_R10000_L100_E0.2,10000,100,0.2,fastga,2040534,2268322,1663975,2519369,2463855,1561940,2463855,,1.95,2.16,1.59,1.49,2.40,2.35,2.35
N4011_R10000_L1000_E0.2,10000,1000,0.2,fastga,20038364,20266152,1813724,2678740,2614543,2764924,2614543,,19.11,19.33,1.73,2.64,2.55,2.49,2.49
N4012_R10000_L10000_E0.2,10000,10000,0.2,fastga,200036741,200264529,4891162,2901708,5737249,14022192,5737249,,190.77,190.99,4.66,13.37,2.77,5.47,5.47